persons,price
4,550.00
4,295.00
2,200.00
2,112.00
4,200.00
4,500.00
4,150.00
3,75.00
2,195.00
1,175.00
2,200.00
1,90.00
3,150.00
1,70.00
2,200.00 
2,125.00
4,300.00
4,100.00
2,140.00
5,500.00
10,7,500.00
4,175.00
2,73.00
2,170.00
1,80.00
1,200.00
4,150.00
1,110.00
10,550.00
4,300.00
1,85.00
2,100.00
3,300.00
2,225.00
2,58.00
2,110.00
8,700.00
2,139.00
5,480.00
2,95.00
4,195.00
3,132.00
1,80.00
2,165.00
3,180.00
2,160.00
1,62.00
4,175.00
6,325.00
2,70.00
2,160.00
2,90.00
10,350.00
4,249.00
6,350.00
4,550.00
5,237.00
4,275.00
6,650.00
10,1,700.00
1,120.00
2,85.00
2,75.00
2,89.00
3,220.00
2,145.00
1,125.00
8,550.00
2,149.00
6,500.00
2,139.00
2,90.00
8,122.00
2,145.00
2,3,000.00
2,88.00
4,166.00
2,150.00
2,100.00
1,75.00
1,70.00
3,325.00
1,99.00
2,150.00
4,630.00
4,380.00
1,395.00
3,200.00
2,100.00
2,199.00
2,143.00
6,440.00
4,300.00
2,120.00
2,133.00
2,125.00
1,60.00
4,800.00
2,145.00
2,130.00
1,60.00
2,160.00
4,200.00
2,110.00
6,275.00
8,600.00
3,115.00
1,59.00
3,200.00
3,140.00
6,728.00
2,168.00
4,225.00
4,95.00
6,299.00
2,88.00
4,188.00
2,175.00
6,345.00
1,40.00
1,68.00
1,55.00
2,130.00
2,70.00
2,53.00
2,75.00
3,55.00
2,123.00
1,70.00
6,1,150.00
2,83.00
6,220.00
2,39.00
2,129.00
2,125.00
4,125.00
2,100.00
3,120.00
3,120.00
7,220.00
5,450.00
4,150.00
4,195.00
1,115.00
10,1,595.00
4,110.00
2,110.00
2,125.00
2,86.00
2,120.00
4,274.00
2,90.00
10,700.00
2,90.00
2,50.00
2,100.00
9,350.00
2,150.00
1,75.00
2,100.00
2,105.00
2,150.00
6,950.00
4,120.00
2,90.00
3,99.00
1,150.00
1,142.00
1,77.00
4,78.00
2,89.00
6,300.00
4,68.00
6,149.00
2,120.00
16,235.00
2,89.00
3,78.00
2,80.00
2,110.00
4,100.00
4,120.00
5,99.00
2,90.00
3,50.00
2,36.00
2,90.00
4,150.00
2,76.00
4,350.00
6,150.00
1,50.00
1,56.00
3,118.00
3,68.00
8,110.00
3,99.00
4,120.00
8,129.00
3,150.00
2,89.00
8,350.00
2,74.00
10,450.00
2,130.00
4,99.00
2,105.00
3,62.00
7,50.00
6,175.00
2,185.00
2,85.00
1,59.00
2,99.00
6,200.00
5,215.00
5,112.00
2,115.00
2,110.00
2,89.00
3,106.00
2,73.00
4,170.00
3,80.00
1,61.00
4,210.00
2,100.00
2,59.00
2,65.00
5,150.00
5,184.00
2,75.00
3,95.00
2,65.00
4,99.00
8,280.00
2,90.00
2,200.00
1,54.00
2,260.00
3,105.00
4,136.00
6,224.00
2,80.00
3,68.00
2,115.00
4,299.00
4,70.00
3,75.00
3,120.00
4,170.00
2,56.00
4,225.00
6,225.00
2,200.00
2,205.00
3,150.00
3,135.00
2,135.00
5,315.00
2,119.00
2,75.00
3,125.00
5,265.00
2,64.00
4,200.00
2,150.00
4,225.00
6,300.00
2,135.00
2,160.00
1,85.00
2,200.00
2,90.00
2,135.00
8,550.00
2,64.00
4,150.00
2,105.00
2,100.00
2,100.00
2,70.00
3,150.00
4,175.00
2,185.00
4,140.00
2,85.00
3,129.00
6,349.00
2,185.00
6,250.00
8,700.00
6,350.00
2,76.00
3,150.00
2,58.00
4,155.00
2,95.00
6,300.00
4,159.00
2,65.00
2,140.00
2,75.00
3,165.00
4,300.00
3,120.00
2,135.00
2,70.00
5,259.00
6,1,200.00
4,400.00
4,275.00
4,250.00
2,50.00
2,235.00
4,148.00
2,145.00
1,60.00
4,225.00
3,110.00
1,129.00
7,295.00
2,149.00
6,260.00
16,1,050.00
6,249.00
6,347.00
2,150.00
12,800.00
6,300.00
2,100.00
2,79.00
6,450.00
4,200.00
2,90.00
6,188.00
2,125.00
2,170.00
2,135.00
4,160.00
4,195.00
4,220.00
6,245.00
5,167.00
2,88.00
7,195.00
2,75.00
3,180.00
4,225.00
2,120.00
4,135.00
2,84.00
2,118.00
4,125.00
4,238.00
2,90.00
4,158.00
4,145.00
3,196.00
4,1,200.00
6,450.00
5,395.00
3,130.00
7,300.00
4,145.00
2,160.00
4,275.00
4,250.00
6,350.00
5,212.00
1,250.00
8,500.00
2,60.00
2,93.00
2,150.00
2,130.00
4,300.00
3,130.00
4,120.00
2,350.00
3,185.00
2,147.00
2,119.00
2,90.00
6,190.00
2,50.00
3,250.00
2,282.00
5,195.00
2,127.00
2,104.00
6,215.00
3,129.00
2,190.00
4,255.00
8,500.00
7,264.00
2,86.00
3,125.00
2,140.00
6,325.00
3,130.00
2,75.00
2,88.00
5,320.00
6,210.00
2,99.00
1,150.00
4,200.00
3,130.00
4,185.00
2,99.00
4,173.00
3,250.00
4,250.00
7,235.00
2,125.00
8,800.00
1,55.00
3,140.00
16,675.00
4,245.00
6,275.00
2,135.00
5,214.00
2,79.00
6,149.00
2,99.00
6,250.00
9,350.00
2,110.00
2,95.00
3,175.00
4,400.00
2,72.00
2,80.00
2,135.00
4,135.00
2,165.00
4,176.00
6,248.00
1,71.00
2,98.00
2,142.00
3,95.00
3,95.00
2,200.00
3,50.00
4,185.00
6,300.00
1,150.00
2,200.00
2,100.00
1,100.00
2,175.00
2,125.00
2,129.00
1,90.00
6,350.00
7,349.00
4,132.00
1,129.00
2,89.00
5,199.00
4,220.00
5,400.00
2,65.00
6,329.00
5,240.00
2,89.00
2,175.00
2,100.00
4,208.00
2,109.00
4,200.00
6,325.00
2,165.00
2,150.00
4,299.00
1,600.00
2,185.00
4,121.00
2,149.00
2,55.00
2,145.00
2,130.00
6,250.00
8,500.00
4,265.00
4,190.00
6,215.00
3,150.00
6,350.00
2,100.00
3,100.00
4,500.00
2,79.00
3,149.00
2,95.00
5,399.00
3,150.00
6,200.00
2,123.00
1,65.00
7,400.00
2,145.00
2,450.00
2,110.00
5,235.00
4,300.00
2,150.00
8,495.00
1,150.00
2,121.00
4,165.00
2,109.00
4,140.00
1,89.00
2,110.00
5,146.00
4,155.00
6,125.00
3,550.00
2,80.00
6,225.00
2,110.00
6,425.00
5,200.00
1,150.00
2,129.00
4,399.00
1,120.00
2,109.00
4,275.00
3,77.00
3,143.00
2,50.00
2,145.00
6,175.00
5,360.00
2,92.00
8,275.00
4,170.00
3,135.00
6,330.00
3,145.00
3,159.00
4,499.00
3,129.00
4,200.00
3,125.00
4,150.00
2,99.00
6,950.00
2,90.00
6,200.00
1,90.00
2,87.00
5,350.00
2,117.00
9,360.00
2,149.00
2,95.00
6,375.00
6,300.00
6,250.00
5,299.00
2,65.00
1,150.00
2,89.00
2,89.00
6,225.00
2,200.00
6,250.00
1,70.00
2,145.00
11,150.00
6,199.00
2,155.00
6,225.00
2,75.00
1,95.00
2,130.00
16,625.00
2,150.00
2,90.00
2,110.00
1,49.00
2,45.00
4,200.00
4,150.00
2,120.00
2,120.00
5,900.00
4,200.00
2,165.00
4,187.00
7,300.00
2,350.00
3,290.00
8,1,000.00
4,135.00
2,90.00
1,135.00
3,130.00
4,260.00
2,200.00
4,299.00
8,275.00
3,129.00
4,149.00
4,250.00
4,135.00
4,160.00
4,195.00
8,301.00
3,165.00
2,125.00
2,100.00
5,155.00
6,350.00
4,140.00
2,80.00
2,130.00
2,90.00
2,95.00
2,87.00
2,350.00
2,70.00
2,79.00
4,225.00
2,70.00
4,150.00
10,400.00
4,245.00
6,180.00
2,59.00
2,85.00
2,102.00
2,75.00
2,75.00
4,355.00
2,164.00
4,140.00
4,100.00
4,301.00
2,245.00
4,179.00
2,265.00
4,179.00
4,179.00
2,250.00
2,275.00
2,420.00
4,565.00
2,275.00
4,179.00
4,179.00
4,179.00
4,179.00
2,250.00
4,169.00
4,179.00
4,250.00
4,265.00
4,297.00
1,265.00
2,245.00
4,179.00
2,138.00
4,179.00
4,179.00
4,225.00
2,250.00
2,265.00
2,265.00
2,228.00
4,215.00
4,124.00
2,298.00
4,300.00
2,100.00
4,150.00
5,225.00
3,300.00
2,229.00
2,225.00
2,300.00
1,29.00
3,150.00
2,110.00
3,145.00
2,67.00
2,800.00
2,250.00
1,22.00
2,295.00
1,19.00
4,500.00
12,1,500.00
2,100.00
1,29.00
2,99.00
1,29.00
1,29.00
1,29.00
4,375.00
2,179.00
1,99.00
1,29.00
2,90.00
2,165.00
2,275.00
4,500.00
4,149.00
2,99.00
1,29.00
4,500.00
4,250.00
4,200.00
2,300.00
2,300.00
4,349.00
1,36.00
1,39.00
2,250.00
4,189.00
2,350.00
4,200.00
1,140.00
7,335.00
5,75.00
2,122.00
4,152.00
2,122.00
2,142.00
2,142.00
4,187.00
4,187.00
2,122.00
2,122.00
2,122.00
2,285.00
2,285.00
4,185.00
2,115.00
2,129.00
2,350.00
2,65.00
4,180.00
6,285.00
2,117.00
3,128.00
2,123.00
3,138.00
2,169.00
2,114.00
2,165.00
2,80.00
2,45.00
1,54.00
2,200.00
2,750.00
1,128.00
2,250.00
3,200.00
3,175.00
2,140.00
2,120.00
4,239.00
1,120.00
2,100.00
1,100.00
3,800.00
5,300.00
3,175.00
1,96.00
2,65.00
10,399.00
1,120.00
4,300.00
1,10.00
2,249.00
3,280.00
1,60.00
2,200.00
4,300.00
2,60.00
2,80.00
1,55.00
2,150.00
4,108.00
2,300.00
2,65.00
2,65.00
4,250.00
4,500.00
7,400.00
1,90.00
6,480.00
6,400.00
2,90.00
1,100.00
2,65.00
4,500.00
4,215.00
5,350.00
4,220.00
2,225.00
6,320.00
2,75.00
6,300.00
2,225.00
2,60.00
3,230.00
4,200.00
1,60.00
8,600.00
2,300.00
4,99.00
1,80.00
6,350.00
4,300.00
2,125.00
6,300.00
6,425.00
2,225.00
2,80.00
8,600.00
2,110.00
6,350.00
4,250.00
2,210.00
4,500.00
1,100.00
2,65.00
3,330.00
8,2,000.00
6,485.00
7,350.00
2,125.00
2,192.00
2,125.00
4,350.00
6,450.00
4,265.00
1,107.00
2,100.00
6,1,250.00
2,200.00
6,475.00
2,175.00
2,100.00
2,169.00
4,499.00
1,99.00
4,111.00
2,129.00
2,115.00
6,350.00
4,190.00
5,225.00
6,400.00
4,375.00
2,125.00
2,60.00
2,89.00
1,89.00
3,160.00
2,100.00
4,275.00
6,200.00
2,130.00
2,130.00
2,145.00
2,85.00
6,300.00
2,75.00
5,385.00
4,250.00
6,3,500.00
6,500.00
8,1,500.00
6,360.00
4,325.00
2,72.00
2,91.00
2,149.00
6,825.00
4,265.00
1,220.00
4,450.00
2,149.00
4,1,000.00
8,700.00
4,200.00
2,108.00
4,325.00
2,205.00
2,260.00
5,499.00
2,125.00
6,750.00
5,450.00
4,100.00
4,240.00
2,120.00
2,122.00
2,165.00
1,185.00
3,80.00
3,85.00
7,420.00
2,245.00
2,150.00
5,499.00
4,250.00
4,179.00
5,220.00
3,90.00
2,114.00
2,189.00
6,261.00
2,150.00
6,200.00
2,100.00
2,220.00
2,179.00
1,100.00
2,89.00
2,180.00
2,109.00
3,169.00
2,400.00
2,200.00
2,200.00
2,165.00
1,120.00
2,249.00
2,235.00
6,670.00
2,130.00
5,325.00
1,99.00
2,300.00
6,1,500.00
2,135.00
12,2,200.00
2,175.00
2,109.00
6,205.00
5,400.00
2,190.00
8,400.00
4,450.00
10,1,500.00
4,295.00
3,264.00
2,235.00
4,190.00
8,1,500.00
4,300.00
4,122.00
2,225.00
4,325.00
2,125.00
6,217.00
1,84.00
2,350.00
5,173.00
2,200.00
2,329.00
2,250.00
2,186.00
2,225.00
2,298.00
4,250.00
2,200.00
4,550.00
2,165.00
4,244.00
2,169.00
4,199.00
5,160.00
2,90.00
1,55.00
1,85.00
2,110.00
2,109.00
2,80.00
5,1,500.00
2,109.00
6,150.00
2,110.00
2,75.00
3,85.00
2,39.00
4,105.00
2,180.00
10,350.00
3,115.00
2,109.00
2,80.00
4,99.00
4,147.00
2,95.00
1,29.00
2,59.00
2,70.00
2,109.00
2,85.00
2,49.00
2,88.00
2,109.00
2,109.00
2,76.00
3,80.00
1,59.00
2,49.00
2,80.00
5,39.00
4,124.00
5,39.00
5,110.00
3,40.00
4,299.00
10,689.00
2,115.00
2,99.00
5,200.00
6,315.00
1,120.00
6,200.00
4,230.00
2,110.00
6,275.00
2,130.00
3,272.00
6,295.00
1,300.00
4,170.00
5,350.00
2,188.00
5,375.00
2,140.00
2,95.00
2,115.00
8,295.00
2,200.00
1,200.00
2,112.00
2,159.00
6,324.00
4,950.00
2,100.00
1,85.00
2,165.00
1,290.00
2,125.00
4,400.00
6,2,000.00
7,2,000.00
4,224.00
2,250.00
4,345.00
1,1,400.00
2,150.00
3,199.00
2,190.00
4,125.00
3,235.00
2,150.00
6,800.00
1,80.00
2,70.00
2,175.00
3,200.00
4,400.00
2,145.00
2,120.00
4,300.00
2,300.00
6,400.00
6,550.00
2,105.00
4,500.00
4,169.00
4,135.00
1,125.00
4,180.00
4,180.00
4,180.00
4,180.00
4,180.00
4,180.00
4,180.00
4,180.00
4,180.00
4,239.00
4,180.00
4,180.00
4,250.00
4,180.00
4,180.00
4,180.00
4,180.00
4,180.00
4,179.00
4,180.00
4,190.00
4,180.00
4,180.00
4,190.00
4,180.00
4,180.00
4,180.00
4,180.00
4,180.00
4,195.00
4,195.00
4,299.00
6,375.00
3,130.00
2,125.00
3,250.00
4,240.00
4,600.00
4,170.00
2,125.00
1,150.00
2,159.00
3,120.00
5,599.00
2,1,000.00
2,200.00
4,182.00
4,350.00
4,185.00
2,209.00
4,175.00
4,175.00
2,100.00
2,180.00
4,270.00
2,149.00
2,300.00
4,150.00
1,125.00
3,250.00
5,395.00
1,50.00
2,150.00
2,150.00
1,165.00
3,195.00
2,145.00
4,695.00
4,270.00
8,590.00
2,125.00
2,185.00
2,94.00
4,150.00
4,360.00
1,150.00
4,800.00
3,99.00
2,89.00
2,100.00
6,360.00
2,250.00
2,115.00
4,175.00
1,60.00
2,105.00
2,160.00
2,160.00
4,270.00
2,125.00
2,500.00
4,270.00
2,120.00
4,499.00
2,149.00
4,350.00
4,249.00
4,230.00
4,119.00
1,100.00
2,219.00
2,300.00
2,130.00
4,230.00
2,189.00
2,95.00
4,500.00
2,150.00
4,175.00
4,300.00
2,500.00
1,145.00
2,219.00
2,175.00
4,500.00
2,650.00
4,270.00
2,100.00
4,220.00
4,275.00
1,75.00
2,136.00
4,300.00
4,270.00
4,270.00
4,175.00
2,91.00
6,700.00
2,90.00
4,270.00
3,130.00
4,195.00
2,125.00
4,360.00
1,79.00
2,350.00
2,998.00
6,450.00
2,99.00
2,148.00
1,289.00
2,124.00
1,33.00
4,500.00
4,600.00
4,125.00
4,150.00
4,270.00
4,800.00
4,165.00
2,800.00
4,200.00
2,135.00
3,175.00
6,565.00
4,252.00
4,270.00
1,20.00
6,565.00
2,169.00
6,565.00
2,79.00
2,99.00
2,317.00
2,100.00
8,1,000.00
1,170.00
6,450.00
6,525.00
4,265.00
6,395.00
4,180.00
4,369.00
4,399.00
4,319.00
4,475.00
4,399.00
4,339.00
4,599.00
4,299.00
1,129.00
2,85.00
2,75.00
4,235.00
4,665.00
5,129.00
2,229.00
4,209.00
4,179.00
4,209.00
4,194.00
4,219.00
4,229.00
4,195.00
4,299.00
4,195.00
4,195.00
6,300.00
4,250.00
6,600.00
4,180.00
2,145.00
5,375.00
3,136.00
4,240.00
2,130.00
4,149.00
2,140.00
2,110.00
2,160.00
1,80.00
5,200.00
1,220.00
2,120.00
1,70.00
2,95.00
4,285.00
2,120.00
2,140.00
5,400.00
5,375.00
6,450.00
2,90.00
4,280.00
2,115.00
4,350.00
3,275.00
2,115.00
1,199.00
2,169.00
2,100.00
1,108.00
2,106.00
4,355.00
6,374.00
2,128.00
6,450.00
2,999.00
2,137.00
4,415.00
2,110.00
6,210.00
4,199.00
4,299.00
3,165.00
2,150.00
2,200.00
4,285.00
2,220.00
1,130.00
2,145.00
2,100.00
2,139.00
4,600.00
1,110.00
7,246.00
4,219.00
4,260.00
6,549.00
2,150.00
4,250.00
4,240.00
2,75.00
2,150.00
2,125.00
4,199.00
6,275.00
2,100.00
1,100.00
2,465.00
2,125.00
2,179.00
2,95.00
6,269.00
3,180.00
4,365.00
1,95.00
4,500.00
2,90.00
4,200.00
2,69.00
3,310.00
5,500.00
4,275.00
2,120.00
3,149.00
3,125.00
1,100.00
1,75.00
2,199.00
2,90.00
2,120.00
2,178.00
2,80.00
6,365.00
2,170.00
5,350.00
4,119.00
4,280.00
2,155.00
2,125.00
4,200.00
1,75.00
2,225.00
6,275.00
4,275.00
2,225.00
1,150.00
1,95.00
1,80.00
2,600.00
5,200.00
2,150.00
2,120.00
1,100.00
2,200.00
2,100.00
2,225.00
4,350.00
2,125.00
1,300.00
4,200.00
3,155.00
3,170.00
2,150.00
2,80.00
6,359.00
4,180.00
6,450.00
4,189.00
5,200.00
2,80.00
1,59.00
2,78.00
2,76.00
8,290.00
4,240.00
4,120.00
5,215.00
10,299.00
2,100.00
3,120.00
1,70.00
2,45.00
2,85.00
3,43.00
3,110.00
2,80.00
4,195.00
2,39.00
8,315.00
2,96.00
4,100.00
2,100.00
1,72.00
2,43.00
2,89.00
5,240.00
4,176.00
2,63.00
1,43.00
2,43.00
2,46.00
4,104.00
2,110.00
2,85.00
7,200.00
3,95.00
2,100.00
3,49.00
1,52.00
2,72.00
6,148.00
8,350.00
5,183.00
5,135.00
2,45.00
6,200.00
6,200.00
2,85.00
2,200.00
1,49.00
1,40.00
4,185.00
1,40.00
2,45.00
2,100.00
6,275.00
2,250.00
2,60.00
2,44.00
6,170.00
2,43.00
2,60.00
2,45.00
2,69.00
6,200.00
4,103.00
6,120.00
2,275.00
1,100.00
2,90.00
2,95.00
2,43.00
2,60.00
4,175.00
2,43.00
9,345.00
2,59.00
3,100.00
2,65.00
4,300.00
2,65.00
2,135.00
8,1,785.00
1,80.00
2,100.00
6,107.00
3,100.00
7,200.00
2,61.00
2,70.00
2,80.00
2,89.00
8,276.00
7,100.00
2,63.00
2,150.00
4,150.00
6,206.00
2,115.00
2,39.00
2,170.00
4,45.00
4,45.00
4,45.00
4,45.00
4,45.00
4,45.00
4,45.00
4,45.00
4,45.00
4,45.00
4,45.00
4,45.00
4,45.00
4,45.00
1,55.00
4,350.00
8,980.00
2,125.00
4,140.00
4,675.00
6,825.00
6,300.00
6,825.00
4,899.00
2,150.00
6,1,200.00
4,149.00
6,1,250.00
2,300.00
2,147.00
2,180.00
2,225.00
7,550.00
4,600.00
4,149.00
4,1,100.00
8,1,500.00
2,300.00
1,115.00
4,450.00
1,159.00
3,300.00
3,175.00
2,99.00
2,130.00
2,110.00
2,190.00
4,180.00
6,300.00
6,279.00
4,140.00
4,180.00
6,275.00
4,259.00
4,190.00
4,260.00
3,185.00
6,300.00
6,525.00
2,179.00
4,250.00
4,295.00
5,685.00
4,599.00
8,6,000.00
2,199.00
4,185.00
6,925.00
4,167.00
4,200.00
4,430.00
3,325.00
6,1,099.00
4,400.00
4,188.00
4,275.00
2,125.00
4,147.00
4,119.00
2,100.00
4,250.00
4,450.00
2,225.00
8,1,250.00
6,399.00
5,225.00
4,298.00
3,70.00
4,600.00
2,120.00
2,165.00
2,349.00
4,285.00
5,375.00
6,500.00
7,750.00
2,99.00
2,179.00
2,110.00
2,78.00
3,280.00
2,160.00
2,139.00
2,115.00
4,200.00
2,55.00
5,400.00
4,149.00
1,100.00
4,100.00
8,1,495.00
2,110.00
3,126.00
2,150.00
4,199.00
1,120.00
4,170.00
5,214.00
2,270.00
2,200.00
10,325.00
2,100.00
4,495.00
4,200.00
3,148.00
3,98.00
2,111.00
2,175.00
4,224.00
2,99.00
4,136.00
6,350.00
6,520.00
2,75.00
3,250.00
2,130.00
4,178.00
2,135.00
6,300.00
3,150.00
4,200.00
4,300.00
8,500.00
2,118.00
5,240.00
6,300.00
4,139.00
8,495.00
2,239.00
6,500.00
4,250.00
4,195.00
5,250.00
2,108.00
2,100.00
3,150.00
3,199.00
4,170.00
6,250.00
2,135.00
1,100.00
2,180.00
2,161.00
2,75.00
2,65.00
3,175.00
2,65.00
7,250.00
2,200.00
2,220.00
2,85.00
2,121.00
4,104.00
1,68.00
6,200.00
6,300.00
5,500.00
4,200.00
2,130.00
4,125.00
6,600.00
2,60.00
6,200.00
8,995.00
3,158.00
7,390.00
2,150.00
6,1,270.00
2,145.00
2,67.00
2,144.00
4,215.00
5,350.00
4,265.00
2,125.00
2,89.00
1,89.00
2,399.00
5,165.00
4,220.00
3,260.00
7,1,000.00
2,134.00
4,395.00
2,145.00
2,155.00
4,450.00
2,120.00
2,125.00
7,200.00
8,499.00
8,1,000.00
2,110.00
2,55.00
14,850.00
2,95.00
3,200.00
2,123.00
3,300.00
1,100.00
3,350.00
9,450.00
4,250.00
2,74.00
2,115.00
1,125.00
2,325.00
4,325.00
10,390.00
1,53.00
1,49.00
4,168.00
8,375.00
2,175.00
1,71.00
1,175.00
2,106.00
2,102.00
2,85.00
5,599.00
2,200.00
2,99.00
2,160.00
2,100.00
1,90.00
2,100.00
2,120.00
2,207.00
2,79.00
9,300.00
4,185.00
1,120.00
7,520.00
2,135.00
4,195.00
4,198.00
2,105.00
2,110.00
7,223.00
2,70.00
2,75.00
2,145.00
4,380.00
4,320.00
2,108.00
6,425.00
2,175.00
2,99.00
2,149.00
4,150.00
2,79.00
4,300.00
2,199.00
2,159.00
2,105.00
6,380.00
2,80.00
4,160.00
3,99.00
2,125.00
2,100.00
6,210.00
2,350.00
1,119.00
2,78.00
2,120.00
2,99.00
2,77.00
1,63.00
2,58.00
2,80.00
2,200.00
2,89.00
6,499.00
2,260.00
4,179.00
1,80.00
8,400.00
1,94.00
3,220.00
2,150.00
2,115.00
2,140.00
2,90.00
2,96.00
2,109.00
6,349.00
2,115.00
2,250.00
2,143.00
7,270.00
2,150.00
1,85.00
2,115.00
1,119.00
7,1,000.00
2,212.00
4,210.00
6,195.00
5,195.00
8,450.00
2,145.00
6,375.00
2,50.00
2,150.00
2,125.00
1,164.00
2,169.00
2,175.00
1,66.00
15,649.00
2,90.00
5,650.00
4,108.00
7,211.00
5,800.00
4,225.00
2,100.00
5,350.00
4,389.00
2,145.00
1,105.00
2,150.00
2,53.00
2,85.00
7,600.00
3,96.00
4,275.00
6,285.00
2,190.00
3,185.00
2,500.00
2,195.00
6,177.00
5,221.00
2,125.00
2,185.00
4,449.00
2,110.00
2,258.00
1,85.00
6,350.00
2,297.00
8,1,300.00
2,225.00
4,300.00
2,99.00
2,150.00
2,150.00
8,244.00
2,100.00
1,55.00
2,99.00
2,200.00
3,390.00
8,300.00
4,350.00
4,250.00
5,252.00
4,153.00
3,80.00
3,300.00
6,415.00
2,80.00
1,120.00
2,184.00
2,800.00
1,148.00
5,100.00
4,650.00
1,56.00
1,100.00
8,367.00
2,210.00
4,265.00
4,150.00
2,150.00
1,70.00
2,300.00
6,250.00
4,350.00
4,149.00
2,750.00
2,70.00
4,400.00
5,1,250.00
2,113.00
4,500.00
2,1,000.00
5,225.00
3,119.00
4,100.00
5,150.00
12,1,600.00
4,175.00
4,559.00
4,500.00
7,450.00
2,145.00
4,160.00
4,225.00
4,105.00
3,321.00
3,177.00
2,200.00
2,121.00
8,289.00
3,200.00
2,45.00
6,350.00
8,350.00
4,500.00
4,120.00
6,1,200.00
4,495.00
4,94.00
2,210.00
2,94.00
4,950.00
3,175.00
3,125.00
7,490.00
4,168.00
1,200.00
2,95.00
2,115.00
6,300.00
2,50.00
2,125.00
1,80.00
2,149.00
4,188.00
2,315.00
2,100.00
2,250.00
4,900.00
2,125.00
2,130.00
4,149.00
2,249.00
2,250.00
2,185.00
4,900.00
2,200.00
5,250.00
2,199.00
2,130.00
2,110.00
3,150.00
2,110.00
1,79.00
4,160.00
1,60.00
2,80.00
4,148.00
4,150.00
2,82.00
4,125.00
6,220.00
3,100.00
2,88.00
5,98.00
2,150.00
2,80.00
5,165.00
6,369.00
1,60.00
4,159.00
5,120.00
2,149.00
7,158.00
6,133.00
2,108.00
2,70.00
2,125.00
2,149.00
6,149.00
2,185.00
2,115.00
4,75.00
1,60.00
2,75.00
2,82.00
6,250.00
2,500.00
3,99.00
4,130.00
4,131.00
2,85.00
6,170.00
2,199.00
2,189.00
2,52.00
4,240.00
2,100.00
5,300.00
1,250.00
6,425.00
4,100.00
2,139.00
4,229.00
2,63.00
5,130.00
8,450.00
4,175.00
2,65.00
2,165.00
4,149.00
2,100.00
12,700.00
8,325.00
2,99.00
4,375.00
3,115.00
6,250.00
8,400.00
2,90.00
5,414.00
2,105.00
4,125.00
6,300.00
4,199.00
2,85.00
4,104.00
2,98.00
2,189.00
2,80.00
2,99.00
4,175.00
2,189.00
6,350.00
2,485.00
5,550.00
5,135.00
7,400.00
6,2,500.00
5,275.00
2,140.00
4,200.00
3,140.00
2,189.00
2,185.00
6,325.00
2,100.00
7,340.00
1,75.00
6,88.00
2,125.00
4,99.00
2,110.00
15,500.00
4,150.00
2,400.00
5,77.00
4,210.00
2,150.00
4,177.00
10,1,500.00
4,150.00
1,46.00
2,85.00
2,155.00
1,105.00
4,227.00
2,129.00
2,200.00
2,70.00
2,99.00
3,129.00
1,105.00
2,195.00
1,95.00
10,375.00
4,145.00
2,88.00
2,144.00
3,2,000.00
1,125.00
2,60.00
1,46.00
6,199.00
2,75.00
1,85.00
4,115.00
2,180.00
4,159.00
4,140.00
4,135.00
2,64.00
5,250.00
4,200.00
1,50.00
1,50.00
4,330.00
2,180.00
6,400.00
1,90.00
6,375.00
16,1,450.00
6,1,200.00
2,126.00
3,100.00
2,165.00
4,279.00
2,68.00
1,40.00
2,72.00
2,55.00
6,195.00
5,220.00
2,75.00
1,45.00
2,129.00
2,130.00
2,50.00
3,75.00
2,125.00
2,225.00
3,175.00
4,175.00
4,329.00
3,129.00
2,149.00
2,225.00
2,83.00
4,155.00
2,70.00
3,183.00
2,53.00
2,100.00
6,500.00
1,139.00
2,140.00
2,120.00
2,98.00
2,109.00
2,99.00
2,99.00
2,200.00
2,140.00
4,275.00
2,220.00
7,295.00
2,70.00
10,800.00
2,120.00
3,150.00
2,57.00
3,69.00
2,70.00
7,125.00
2,89.00
3,205.00
2,145.00
4,110.00
2,65.00
4,160.00
4,164.00
1,77.00
2,90.00
4,225.00
7,295.00
1,86.00
1,22.00
2,60.00
2,150.00
4,150.00
2,82.00
4,64.00
4,99.00
8,298.00
3,87.00
1,45.00
4,317.00
4,317.00
4,317.00
4,317.00
4,317.00
3,275.00
1,75.00
5,450.00
2,125.00
2,105.00
5,335.00
1,100.00
8,400.00
2,165.00
4,295.00
2,250.00
2,140.00
4,300.00
4,750.00
2,150.00
2,215.00
4,150.00
2,150.00
2,95.00
8,750.00
1,70.00
2,125.00
4,250.00
3,145.00
2,99.00
5,400.00
2,119.00
2,110.00
4,250.00
2,125.00
2,100.00
2,125.00
5,250.00
4,250.00
2,141.00
4,275.00
2,425.00
1,100.00
2,80.00
2,175.00
3,200.00
2,185.00
6,395.00
2,110.00
2,100.00
4,399.00
4,360.00
1,70.00
2,320.00
1,95.00
4,200.00
1,100.00
1,90.00
1,90.00
4,220.00
5,335.00
2,95.00
4,159.00
4,219.00
4,220.00
3,200.00
5,285.00
2,113.00
6,250.00
6,650.00
2,155.00
4,190.00
2,159.00
6,275.00
5,300.00
3,227.00
7,750.00
2,248.00
2,100.00
2,125.00
3,150.00
2,500.00
2,125.00
1,72.00
2,110.00
4,800.00
2,91.00
1,95.00
4,193.00
2,275.00
4,199.00
1,115.00
2,95.00
6,1,200.00
2,175.00
2,400.00
1,400.00
4,200.00
2,90.00
2,500.00
4,175.00
2,69.00
2,150.00
2,750.00
4,395.00
2,99.00
2,195.00
2,150.00
4,249.00
2,80.00
7,500.00
2,125.00
6,800.00
2,200.00
2,95.00
4,350.00
2,150.00
2,84.00
2,185.00
3,295.00
1,150.00
2,299.00
4,195.00
4,349.00
5,169.00
2,95.00
2,90.00
1,65.00
8,450.00
3,128.00
2,89.00
2,115.00
7,380.00
1,120.00
1,99.00
3,175.00
4,175.00
3,149.00
2,145.00
4,320.00
4,1,178.00
2,150.00
2,160.00
2,175.00
6,1,000.00
2,132.00
4,139.00
2,150.00
2,60.00
3,195.00
1,79.00
2,80.00
3,250.00
2,140.00
2,329.00
2,280.00
3,200.00
2,400.00
2,145.00
2,175.00
2,70.00
1,185.00
2,500.00
6,1,800.00
3,200.00
3,350.00
2,99.00
4,360.00
2,225.00
2,249.00
2,375.00
2,150.00
2,120.00
1,125.00
2,225.00
2,195.00
3,299.00
4,205.00
2,200.00
2,199.00
2,195.00
2,75.00
5,850.00
6,570.00
2,144.00
2,238.00
5,319.00
2,1,000.00
2,100.00
2,190.00
2,189.00
2,159.00
4,159.00
5,600.00
2,125.00
4,395.00
2,195.00
1,440.00
4,300.00
2,205.00
3,285.00
7,381.00
2,160.00
1,125.00
1,164.00
1,190.00
2,139.00
3,375.00
2,100.00
2,145.00
2,178.00
2,200.00
3,250.00
4,475.00
3,125.00
4,400.00
6,397.00
2,180.00
2,150.00
10,1,425.00
3,150.00
1,250.00
3,175.00
2,100.00
1,75.00
2,185.00
2,189.00
2,188.00
6,500.00
8,800.00
3,850.00
5,300.00
2,160.00
2,165.00
8,949.00
1,55.00
2,300.00
2,115.00
3,300.00
5,349.00
4,250.00
2,127.00
6,334.00
2,500.00
2,120.00
3,500.00
4,325.00
3,145.00
5,1,200.00
2,159.00
8,1,250.00
5,196.00
2,185.00
3,125.00
2,325.00
3,200.00
4,320.00
3,215.00
2,207.00
2,300.00
4,585.00
2,100.00
1,200.00
2,400.00
2,214.00
2,180.00
2,140.00
2,325.00
4,585.00
2,195.00
3,250.00
2,175.00
2,195.00
2,295.00
3,2,100.00
2,139.00
2,150.00
2,228.00
4,175.00
3,200.00
12,1,285.00
6,1,000.00
2,140.00
5,385.00
2,199.00
5,699.00
5,425.00
2,140.00
2,395.00
7,900.00
2,180.00
3,250.00
8,475.00
8,250.00
6,381.00
4,212.00
3,229.00
2,250.00
1,120.00
2,125.00
3,124.00
2,200.00
5,388.00
4,220.00
3,225.00
3,99.00
2,139.00
2,150.00
1,100.00
4,55.00
1,115.00
2,189.00
2,78.00
2,110.00
2,109.00
2,135.00
6,100.00
2,70.00
2,70.00
2,154.00
1,90.00
2,100.00
6,600.00
2,70.00
5,250.00
6,220.00
2,49.00
4,220.00
1,100.00
4,117.00
1,200.00
1,162.00
4,230.00
4,600.00
4,250.00
6,300.00
2,90.00
1,95.00
3,119.00
6,490.00
2,140.00
2,185.00
3,550.00
2,113.00
2,115.00
2,155.00
1,45.00
2,169.00
1,186.00
2,77.00
4,250.00
3,235.00
2,80.00
5,300.00
3,200.00
2,200.00
2,125.00
1,40.00
8,500.00
2,79.00
2,115.00
6,575.00
1,65.00
10,2,000.00
1,51.00
2,120.00
2,100.00
2,50.00
2,80.00
1,75.00
2,155.00
4,250.00
2,55.00
6,450.00
6,250.00
4,300.00
2,170.00
3,230.00
2,115.00
1,95.00
2,90.00
1,95.00
2,350.00
1,130.00
2,4,000.00
3,349.00
2,115.00
3,170.00
2,115.00
3,133.00
2,200.00
4,450.00
1,99.00
2,215.00
2,185.00
1,350.00
2,175.00
4,165.00
2,149.00
2,206.00
11,575.00
1,120.00
2,74.00
2,59.00
2,149.00
1,100.00
2,75.00
2,299.00
1,68.00
2,99.00
4,211.00
2,125.00
3,97.00
2,117.00
3,500.00
1,65.00
4,318.00
1,150.00
1,75.00
4,100.00
2,285.00
4,375.00
1,125.00
2,127.00
2,75.00
2,69.00
2,65.00
2,110.00
3,148.00
2,165.00
3,189.00
1,150.00
4,250.00
6,250.00
2,120.00
2,99.00
1,158.00
2,100.00
2,125.00
1,80.00
3,69.00
2,85.00
4,200.00
2,115.00
2,194.00
2,155.00
6,800.00
2,45.00
2,120.00
6,150.00
2,110.00
6,400.00
2,135.00
2,100.00
2,100.00
5,200.00
2,145.00
4,180.00
4,1,750.00
3,450.00
5,300.00
3,150.00
1,126.00
1,99.00
1,85.00
2,255.00
2,65.00
5,300.00
8,700.00
4,240.00
4,175.00
6,275.00
4,225.00
2,149.00
2,125.00
2,50.00
2,115.00
2,165.00
15,500.00
2,120.00
3,300.00
2,80.00
2,108.00
8,650.00
2,100.00
4,250.00
6,550.00
2,126.00
5,341.00
1,75.00
2,275.00
1,95.00
2,140.00
4,199.00
2,120.00
1,200.00
6,250.00
1,33.00
2,120.00
5,250.00
2,151.00
2,119.00
2,76.00
1,100.00
3,98.00
1,65.00
2,79.00
2,80.00
1,52.00
6,250.00
8,1,000.00
2,95.00
7,1,000.00
6,325.00
1,65.00
2,125.00
2,78.00
4,399.00
3,207.00
2,101.00
4,300.00
2,202.00
1,71.00
2,107.00
4,196.00
3,170.00
6,225.00
2,99.00
2,65.00
2,300.00
4,255.00
2,95.00
2,75.00
2,90.00
1,105.00
8,50.00
6,463.00
2,200.00
2,138.00
6,239.00
5,195.00
1,160.00
4,129.00
4,260.00
2,200.00
2,140.00
6,300.00
2,168.00
7,575.00
3,350.00
2,135.00
1,100.00
1,97.00
2,139.00
2,300.00
2,120.00
1,220.00
2,110.00
5,295.00
1,55.00
6,219.00
4,325.00
4,190.00
1,75.00
2,109.00
2,99.00
3,160.00
4,100.00
1,49.00
4,1,200.00
2,189.00
2,105.00
3,195.00
4,190.00
4,350.00
2,65.00
2,100.00
2,95.00
4,200.00
1,125.00
4,245.00
2,139.00
4,189.00
2,250.00
2,185.00
6,375.00
2,118.00
2,130.00
4,327.00
2,80.00
2,175.00
1,70.00
1,61.00
2,99.00
4,250.00
2,85.00
2,325.00
6,250.00
2,275.00
1,75.00
4,250.00
2,240.00
2,195.00
2,60.00
4,290.00
2,249.00
2,140.00
2,160.00
1,99.00
1,60.00
2,150.00
5,450.00
2,300.00
2,175.00
4,800.00
4,950.00
2,120.00
2,95.00
2,129.00
1,200.00
5,180.00
4,182.00
8,450.00
2,189.00
2,110.00
4,225.00
6,425.00
2,199.00
2,99.00
2,224.00
6,650.00
2,100.00
6,220.00
6,375.00
6,245.00
4,350.00
2,95.00
6,1,500.00
4,89.00
2,170.00
3,190.00
6,300.00
5,450.00
1,110.00
2,165.00
2,100.00
2,190.00
4,350.00
1,33.00
8,780.00
5,305.00
2,95.00
2,89.00
2,109.00
1,55.00
3,135.00
6,360.00
1,150.00
2,400.00
1,24.00
5,225.00
2,140.00
2,128.00
6,150.00
12,599.00
6,180.00
7,315.00
2,89.00
2,60.00
2,200.00
3,175.00
2,206.00
7,449.00
4,272.00
4,150.00
2,245.00
2,89.00
2,75.00
1,58.00
2,200.00
3,120.00
1,45.00
2,125.00
2,85.00
2,60.00
2,90.00
2,145.00
8,275.00
2,65.00
4,225.00
2,195.00
3,119.00
1,399.00
1,95.00
4,400.00
1,110.00
2,69.00
2,230.00
2,85.00
2,120.00
3,89.00
8,200.00
2,60.00
1,80.00
2,175.00
4,250.00
2,125.00
3,129.00
2,289.00
1,180.00
6,300.00
2,200.00
2,135.00
1,80.00
2,90.00
1,100.00
2,79.00
2,95.00
2,185.00
8,575.00
4,165.00
10,1,500.00
4,285.00
4,214.00
2,150.00
2,295.00
4,202.00
1,70.00
2,95.00
3,140.00
6,690.00
4,300.00
2,100.00
4,115.00
2,150.00
5,285.00
6,425.00
9,1,200.00
4,350.00
1,169.00
3,195.00
1,95.00
2,149.00
4,172.00
2,100.00
4,290.00
4,249.00
1,75.00
2,80.00
7,1,400.00
4,195.00
2,120.00
2,90.00
2,175.00
4,210.00
2,130.00
2,200.00
6,450.00
3,160.00
2,160.00
4,250.00
2,95.00
4,200.00
2,90.00
4,350.00
3,215.00
2,110.00
2,122.00
2,147.00
2,150.00
1,109.00
2,120.00
2,169.00
1,70.00
1,52.00
4,175.00
10,500.00
1,107.00
2,90.00
1,145.00
2,72.00
4,350.00
6,1,666.00
1,75.00
3,129.00
3,198.00
1,80.00
4,450.00
2,125.00
6,200.00
2,163.00
2,116.00
4,240.00
2,119.00
1,80.00
1,89.00
2,93.00
2,130.00
2,188.00
2,115.00
2,154.00
3,175.00
2,200.00
2,83.00
6,315.00
4,160.00
6,450.00
1,84.00
2,150.00
2,80.00
2,95.00
2,76.00
3,149.00
2,60.00
2,110.00
2,165.00
2,90.00
7,500.00
4,200.00
2,210.00
2,79.00
2,119.00
5,325.00
2,69.00
2,124.00
6,350.00
4,500.00
2,70.00
10,490.00
2,126.00
2,110.00
4,295.00
2,145.00
2,140.00
5,153.00
1,103.00
2,200.00
2,90.00
4,450.00
2,66.00
2,125.00
8,505.00
4,208.00
4,450.00
2,195.00
3,197.00
6,140.00
2,89.00
4,125.00
2,125.00
2,180.00
2,82.00
8,600.00
5,350.00
12,450.00
2,300.00
2,100.00
2,115.00
7,449.00
2,108.00
5,205.00
1,75.00
2,75.00
2,69.00
4,190.00
2,190.00
6,230.00
2,170.00
2,200.00
6,350.00
2,139.00
2,60.00
1,80.00
4,250.00
4,125.00
2,160.00
4,190.00
2,145.00
2,149.00
2,100.00
2,235.00
4,175.00
2,300.00
2,65.00
2,200.00
2,71.00
3,175.00
5,250.00
2,30.00
2,99.00
2,150.00
2,150.00
2,115.00
5,380.00
8,425.00
2,150.00
2,100.00
4,250.00
4,275.00
2,80.00
2,99.00
3,99.00
1,53.00
2,80.00
2,115.00
2,100.00
4,150.00
2,140.00
2,49.00
4,165.00
2,120.00
2,200.00
1,60.00
4,250.00
4,185.00
3,100.00
2,150.00
1,80.00
6,545.00
2,220.00
4,228.00
2,165.00
6,400.00
2,69.00
8,250.00
1,120.00
4,300.00
2,59.00
2,120.00
3,150.00
2,75.00
1,90.00
2,175.00
3,150.00
8,400.00
2,125.00
4,150.00
4,259.00
4,395.00
1,70.00
2,140.00
1,97.00
1,64.00
2,100.00
2,185.00
3,130.00
2,3,200.00
6,95.00
1,80.00
1,99.00
2,175.00
2,200.00
1,80.00
2,90.00
2,102.00
2,95.00
2,550.00
3,200.00
4,250.00
2,168.00
2,139.00
2,120.00
1,80.00
4,300.00
2,85.00
4,195.00
1,70.00
4,220.00
2,160.00
6,450.00
4,254.00
2,120.00
2,385.00
2,249.00
2,165.00
2,175.00
2,135.00
9,1,500.00
2,350.00
2,265.00
5,259.00
2,250.00
2,500.00
2,200.00
6,400.00
4,300.00
4,400.00
2,114.00
6,290.00
4,175.00
1,79.00
4,175.00
4,300.00
3,189.00
4,200.00
5,460.00
2,295.00
4,400.00
2,155.00
2,225.00
4,170.00
2,83.00
2,91.00
2,120.00
2,250.00
11,1,150.00
3,275.00
2,400.00
2,179.00
3,195.00
4,349.00
4,430.00
1,105.00
2,185.00
3,900.00
1,100.00
2,140.00
5,525.00
4,375.00
2,500.00
5,380.00
2,130.00
2,270.00
2,160.00
4,300.00
5,350.00
3,170.00
6,165.00
3,275.00
8,480.00
5,2,000.00
4,163.00
2,120.00
2,59.00
3,200.00
1,180.00
1,80.00
1,62.00
2,50.00
1,58.00
3,166.00
4,650.00
3,165.00
1,49.00
2,80.00
2,129.00
6,300.00
2,175.00
2,90.00
2,100.00
1,75.00
5,250.00
2,300.00
2,120.00
4,350.00
6,249.00
3,140.00
4,250.00
2,150.00
4,175.00
2,185.00
2,110.00
4,290.00
2,249.00
2,220.00
1,75.00
10,525.00
4,140.00
6,850.00
2,65.00
5,125.00
2,250.00
2,120.00
6,500.00
2,185.00
3,199.00
2,90.00
3,131.00
2,97.00
2,110.00
6,319.00
2,61.00
2,88.00
3,160.00
2,125.00
6,165.00
4,234.00
2,165.00
2,70.00
4,600.00
3,145.00
2,195.00
3,200.00
2,91.00
1,2,500.00
4,200.00
1,120.00
6,400.00
2,175.00
6,295.00
2,150.00
2,200.00
3,100.00
2,75.00
2,95.00
2,140.00
2,185.00
2,100.00
4,165.00
2,250.00
2,62.00
2,100.00
2,77.00
1,65.00
2,136.00
2,250.00
4,265.00
2,85.00
5,299.00
2,199.00
1,110.00
6,185.00
2,50.00
8,350.00
2,135.00
2,200.00
2,245.00
4,90.00
2,161.00
2,160.00
2,115.00
1,57.00
8,790.00
4,170.00
8,1,500.00
3,150.00
2,75.00
2,135.00
3,170.00
2,99.00
2,102.00
1,100.00
2,145.00
3,140.00
4,253.00
1,100.00
1,139.00
2,52.00
6,310.00
2,100.00
2,160.00
4,425.00
2,95.00
8,1,000.00
4,150.00
1,72.00
2,79.00
2,130.00
1,65.00
4,349.00
1,33.00
4,180.00
2,155.00
2,250.00
1,55.00
4,136.00
2,85.00
2,90.00
2,250.00
6,310.00
1,55.00
2,175.00
1,55.00
4,270.00
4,250.00
1,100.00
3,250.00
1,84.00
8,320.00
2,250.00
1,125.00
1,99.00
2,100.00
2,185.00
6,199.00
2,100.00
2,349.00
3,130.00
6,335.00
6,500.00
1,125.00
2,200.00
1,20.00
1,100.00
2,80.00
4,315.00
7,415.00
2,174.00
2,80.00
1,250.00
2,65.00
2,70.00
6,225.00
2,180.00
2,115.00
5,395.00
2,60.00
1,80.00
2,120.00
5,250.00
4,300.00
2,90.00
6,400.00
6,326.00
1,95.00
2,200.00
1,110.00
4,200.00
2,390.00
2,75.00
2,149.00
1,50.00
2,440.00
1,82.00
2,120.00
5,108.00
2,180.00
2,85.00
2,149.00
4,750.00
2,149.00
3,215.00
1,84.00
2,67.00
7,350.00
4,250.00
8,450.00
2,199.00
2,85.00
1,97.00
7,250.00
6,170.00
2,170.00
7,1,500.00
8,450.00
2,210.00
2,80.00
1,75.00
2,130.00
4,114.00
2,149.00
2,115.00
2,109.00
6,300.00
4,250.00
4,250.00
4,245.00
4,179.00
2,150.00
1,120.00
2,60.00
2,140.00
5,295.00
5,285.00
2,75.00
5,250.00
2,125.00
2,100.00
8,320.00
2,100.00
2,100.00
2,100.00
4,150.00
2,170.00
4,195.00
2,89.00
1,75.00
1,110.00
4,195.00
2,160.00
2,190.00
3,200.00
4,167.00
6,179.00
5,179.00
6,198.00
1,85.00
2,68.00
2,52.00
4,97.00
8,299.00
3,129.00
2,69.00
2,145.00
4,137.00
7,295.00
1,250.00
1,80.00
2,109.00
3,140.00
1,60.00
3,90.00
2,69.00
8,325.00
2,68.00
4,270.00
3,99.00
5,110.00
4,152.00
4,135.00
4,100.00
2,100.00
2,90.00
2,99.00
2,69.00
1,110.00
1,70.00
5,375.00
2,90.00
2,125.00
4,250.00
1,90.00
2,90.00
2,86.00
4,165.00
1,250.00
6,250.00
2,87.00
2,75.00
1,65.00
4,134.00
2,69.00
4,160.00
2,53.00
2,112.00
8,329.00
1,70.00
6,399.00
7,240.00
4,350.00
4,131.00
2,259.00
4,275.00
2,95.00
2,94.00
2,140.00
2,110.00
4,275.00
2,90.00
1,10,000.00
2,325.00
4,300.00
2,175.00
2,90.00
2,200.00
4,650.00
2,85.00
2,100.00
2,300.00
2,70.00
2,109.00
4,195.00
4,225.00
1,150.00
2,200.00
3,245.00
5,209.00
4,275.00
2,95.00
5,325.00
2,98.00
4,200.00
2,200.00
2,300.00
2,300.00
2,190.00
2,125.00
4,1,100.00
2,200.00
4,345.00
1,125.00
4,185.00
4,190.00
6,450.00
2,200.00
2,119.00
1,95.00
10,600.00
2,75.00
2,95.00
1,53.00
3,169.00
2,71.00
1,129.00
1,200.00
2,150.00
3,225.00
4,188.00
2,70.00
2,125.00
6,360.00
2,120.00
2,155.00
3,90.00
2,120.00
6,425.00
2,175.00
2,200.00
2,180.00
1,60.00
3,169.00
1,60.00
2,100.00
2,109.00
3,1,100.00
1,150.00
3,159.00
1,99.00
2,333.00
2,100.00
3,100.00
2,400.00
4,210.00
2,130.00
2,119.00
4,130.00
7,345.00
1,80.00
2,140.00
1,99.00
5,750.00
2,139.00
2,160.00
7,199.00
3,300.00
4,259.00
1,100.00
2,95.00
4,250.00
2,120.00
4,600.00
2,199.00
1,149.00
2,299.00
2,195.00
2,150.00
2,60.00
8,499.00
4,220.00
2,150.00
3,175.00
2,90.00
8,258.00
2,140.00
3,250.00
1,80.00
2,127.00
2,149.00
4,173.00
4,300.00
2,200.00
2,182.00
2,145.00
2,70.00
4,500.00
2,300.00
6,250.00
4,160.00
2,130.00
8,495.00
2,150.00
2,140.00
2,155.00
2,80.00
1,65.00
4,200.00
2,115.00
6,399.00
6,800.00
9,995.00
2,170.00
2,218.00
1,70.00
1,135.00
2,185.00
1,79.00
8,1,199.00
1,225.00
6,2,250.00
2,400.00
6,750.00
2,130.00
3,325.00
1,57.00
5,365.00
1,135.00
1,165.00
2,104.00
6,1,000.00
2,73.00
1,69.00
6,700.00
2,199.00
6,900.00
2,240.00
3,200.00
3,170.00
2,139.00
2,70.00
2,300.00
2,100.00
2,130.00
2,169.00
2,120.00
2,70.00
2,200.00
4,300.00
4,600.00
4,120.00
2,500.00
2,129.00
3,199.00
1,85.00
2,90.00
4,90.00
2,250.00
6,550.00
3,199.00
2,210.00
4,210.00
4,142.00
2,100.00
9,270.00
2,220.00
3,400.00
2,150.00
4,90.00
2,145.00
2,129.00
2,70.00
4,395.00
1,140.00
5,255.00
4,150.00
2,120.00
2,199.00
2,125.00
2,120.00
2,70.00
4,90.00
2,350.00
2,99.00
2,150.00
4,499.00
4,229.00
4,375.00
4,300.00
2,120.00
1,100.00
4,250.00
2,200.00
3,111.00
2,270.00
2,125.00
2,298.00
2,82.00
2,145.00
2,175.00
2,77.00
2,320.00
2,120.00
2,150.00
2,130.00
4,300.00
1,195.00
2,190.00
2,106.00
2,100.00
2,89.00
4,199.00
5,1,500.00
5,99.00
4,240.00
2,166.00
2,175.00
2,89.00
6,700.00
4,800.00
2,70.00
2,150.00
8,550.00
1,140.00
2,299.00
2,120.00
1,80.00
2,100.00
2,120.00
10,2,699.00
1,359.00
2,119.00
4,195.00
2,120.00
2,150.00
3,95.00
2,180.00
2,275.00
3,175.00
2,99.00
2,200.00
3,1,000.00
6,350.00
2,215.00
4,200.00
6,499.00
2,150.00
4,219.00
1,289.00
4,260.00
2,115.00
4,250.00
2,175.00
2,160.00
5,180.00
6,389.00
2,125.00
4,345.00
2,110.00
2,110.00
3,200.00
2,100.00
4,375.00
4,375.00
2,185.00
2,265.00
2,195.00
4,250.00
5,600.00
4,275.00
2,150.00
6,350.00
1,65.00
4,199.00
6,600.00
2,100.00
2,100.00
4,150.00
2,145.00
2,150.00
6,1,500.00
2,150.00
4,150.00
1,42.00
4,300.00
2,140.00
3,195.00
6,232.00
2,120.00
2,210.00
2,85.00
4,84.00
2,800.00
4,299.00
2,210.00
2,1,500.00
2,100.00
1,130.00
6,539.00
2,150.00
4,350.00
8,600.00
4,225.00
10,344.00
2,350.00
1,99.00
2,59.00
6,250.00
5,315.00
2,130.00
2,86.00
8,475.00
6,500.00
5,250.00
2,175.00
3,189.00
2,140.00
2,59.00
4,250.00
1,100.00
2,120.00
3,159.00
4,180.00
2,750.00
6,850.00
4,410.00
5,350.00
4,350.00
1,53.00
2,102.00
2,100.00
2,119.00
4,250.00
5,170.00
16,5,000.00
1,100.00
6,340.00
2,140.00
2,135.00
8,350.00
6,400.00
4,345.00
5,250.00
2,83.00
4,390.00
4,140.00
10,475.00
4,225.00
6,600.00
4,395.00
2,245.00
2,200.00
2,135.00
2,117.00
4,200.00
2,105.00
2,150.00
2,201.00
4,360.00
2,125.00
3,155.00
2,110.00
4,225.00
2,170.00
2,159.00
2,105.00
2,300.00
4,270.00
4,155.00
2,110.00
1,55.00
2,150.00
4,325.00
1,79.00
2,159.00
6,499.00
7,190.00
2,120.00
2,250.00
2,275.00
4,245.00
4,395.00
1,135.00
2,85.00
2,120.00
2,125.00
2,130.00
4,350.00
5,400.00
4,185.00
1,150.00
4,215.00
1,170.00
3,150.00
3,205.00
3,195.00
2,920.00
4,300.00
4,160.00
2,195.00
5,320.00
6,350.00
2,89.00
4,248.00
4,250.00
6,400.00
10,2,000.00
2,155.00
4,275.00
4,400.00
5,199.00
2,150.00
4,245.00
2,249.00
10,350.00
2,139.00
3,129.00
2,150.00
5,2,800.00
2,99.00
2,168.00
6,249.00
2,109.00
4,200.00
2,300.00
2,115.00
2,120.00
2,72.00
2,165.00
1,145.00
4,200.00
3,170.00
2,149.00
6,375.00
2,75.00
2,105.00
4,290.00
1,125.00
4,140.00
3,156.00
2,125.00
1,225.00
2,110.00
4,229.00
2,145.00
4,495.00
5,445.00
2,160.00
2,175.00
2,99.00
2,150.00
2,250.00
9,556.00
5,400.00
2,160.00
8,299.00
2,224.00
8,300.00
5,250.00
5,595.00
2,125.00
3,225.00
2,146.00
2,175.00
8,575.00
6,295.00
4,140.00
4,229.00
2,200.00
4,150.00
2,200.00
5,225.00
2,200.00
2,85.00
4,400.00
2,125.00
1,99.00
6,675.00
6,269.00
2,48.00
2,185.00
2,119.00
10,321.00
2,150.00
4,249.00
1,75.00
2,10.00
2,91.00
1,50.00
1,95.00
2,100.00
2,150.00
1,80.00
6,500.00
1,76.00
2,265.00
2,117.00
5,265.00
4,450.00
5,370.00
4,225.00
2,105.00
3,250.00
3,175.00
2,145.00
4,145.00
2,135.00
3,265.00
1,88.00
4,750.00
2,225.00
1,175.00
6,490.00
4,269.00
3,179.00
3,155.00
5,700.00
6,271.00
4,100.00
4,275.00
5,200.00
9,531.00
7,325.00
8,350.00
4,225.00
6,275.00
7,300.00
5,250.00
5,247.00
6,900.00
4,350.00
2,84.00
6,350.00
8,650.00
1,119.00
1,110.00
2,69.00
2,200.00
2,250.00
6,250.00
2,300.00
6,350.00
4,168.00
2,94.00
2,180.00
3,100.00
2,135.00
5,165.00
2,95.00
2,125.00
1,100.00
8,199.00
2,105.00
2,145.00
4,200.00
2,99.00
2,130.00
6,260.00
7,1,100.00
2,150.00
4,100.00
2,150.00
4,295.00
4,350.00
2,100.00
3,100.00
4,275.00
2,100.00
2,139.00
1,80.00
2,84.00
2,95.00
8,595.00
8,1,000.00
5,189.00
2,175.00
2,95.00
1,79.00
6,270.00
8,947.00
3,500.00
6,750.00
2,180.00
6,195.00
6,700.00
8,450.00
6,1,024.00
2,90.00
3,225.00
2,130.00
1,99.00
2,140.00
6,400.00
8,500.00
2,90.00
2,215.00
2,99.00
1,90.00
1,99.00
6,25.00
4,200.00
4,219.00
4,1,500.00
3,400.00
4,180.00
3,300.00
5,690.00
2,185.00
2,108.00
8,987.00
2,110.00
4,119.00
4,175.00
5,200.00
2,115.00
2,200.00
3,120.00
2,105.00
2,138.00
1,80.00
2,120.00
2,199.00
4,200.00
10,625.00
3,169.00
5,700.00
5,250.00
2,90.00
2,195.00
4,326.00
2,99.00
2,175.00
2,100.00
3,189.00
2,76.00
1,58.00
3,50.00
1,200.00
2,95.00
2,250.00
2,300.00
6,330.00
2,250.00
2,198.00
2,150.00
1,55.00
5,181.00
1,60.00
6,369.00
8,125.00
1,75.00
5,350.00
2,100.00
2,104.00
2,325.00
2,160.00
2,98.00
3,100.00
12,150.00
8,625.00
4,575.00
2,250.00
2,175.00
4,200.00
4,1,400.00
5,400.00
4,600.00
2,99.00
2,89.00
4,175.00
6,550.00
4,350.00
5,125.00
3,97.00
2,165.00
1,55.00
1,95.00
2,175.00
7,650.00
5,600.00
1,400.00
6,799.00
1,350.00
2,175.00
2,95.00
2,120.00
7,600.00
2,400.00
4,250.00
2,220.00
4,185.00
1,89.00
1,70.00
4,250.00
4,325.00
1,180.00
3,225.00
2,85.00
1,70.00
2,144.00
1,115.00
4,250.00
6,500.00
2,550.00
1,80.00
2,165.00
1,125.00
6,250.00
8,3,000.00
1,109.00
2,250.00
2,140.00
4,800.00
2,185.00
3,74.00
1,45.00
1,2,000.00
4,246.00
2,75.00
2,90.00
1,91.00
1,51.00
1,66.00
6,182.00
2,79.00
2,57.00
2,70.00
2,60.00
2,45.00
2,75.00
2,85.00
2,94.00
2,80.00
3,125.00
2,100.00
2,60.00
4,180.00
3,100.00
4,240.00
1,34.00
2,80.00
2,65.00
6,289.00
2,69.00
2,120.00
8,320.00
5,120.00
3,700.00
3,119.00
1,70.00
1,45.00
2,120.00
2,125.00
2,60.00
2,70.00
2,70.00
14,350.00
5,145.00
2,80.00
6,239.00
1,50.00
2,70.00
2,800.00
2,50.00
9,349.00
2,100.00
2,100.00
2,85.00
2,138.00
1,200.00
2,70.00
10,590.00
6,199.00
2,155.00
2,99.00
8,450.00
2,150.00
3,80.00
2,54.00
2,400.00
6,350.00
8,550.00
4,289.00
2,150.00
2,125.00
2,120.00
4,295.00
6,99.00
6,230.00
4,160.00
3,55.00
6,215.00
2,125.00
5,75.00
4,179.00
2,98.00
2,90.00
3,55.00
8,200.00
4,209.00
4,295.00
6,300.00
2,65.00
3,99.00
2,120.00
2,62.00
5,175.00
3,135.00
2,65.00
3,100.00
1,50.00
2,125.00
2,100.00
1,40.00
1,75.00
2,155.00
7,200.00
4,147.00
4,129.00
1,75.00
1,47.00
2,225.00
8,299.00
2,120.00
2,58.00
9,250.00
6,300.00
4,60.00
2,130.00
2,135.00
2,80.00
2,70.00
1,40.00
1,32.00
2,77.00
5,299.00
6,160.00
1,80.00
6,950.00
2,99.00
2,70.00
4,130.00
6,160.00
2,97.00
1,32.00
2,145.00
2,81.00
5,190.00
3,85.00
6,1,100.00
4,169.00
4,350.00
2,89.00
2,90.00
9,495.00
3,150.00
4,140.00
6,295.00
3,75.00
5,300.00
2,125.00
2,100.00
6,250.00
2,190.00
2,130.00
6,150.00
5,300.00
2,140.00
2,89.00
4,159.00
4,225.00
6,320.00
5,275.00
5,220.00
14,520.00
2,80.00
3,200.00
1,90.00
3,165.00
3,130.00
3,60.00
6,250.00
4,135.00
2,89.00
5,275.00
2,89.00
4,215.00
1,79.00
4,175.00
6,180.00
3,100.00
8,300.00
2,100.00
4,139.00
1,60.00
3,72.00
1,47.00
2,105.00
2,75.00
2,148.00
4,145.00
2,80.00
4,130.00
1,150.00
4,180.00
2,153.00
1,120.00
4,118.00
2,80.00
4,275.00
2,99.00
2,99.00
2,99.00
2,96.00
4,180.00
1,100.00
2,135.00
1,39.00
4,189.00
7,345.00
1,72.00
2,185.00
2,91.00
2,89.00
2,100.00
4,75.00
2,95.00
5,190.00
3,70.00
4,139.00
2,120.00
1,72.00
1,75.00
4,140.00
1,45.00
2,38.00
2,89.00
1,40.00
4,179.00
3,75.00
5,191.00
6,200.00
2,108.00
2,150.00
4,240.00
3,69.00
3,125.00
1,45.00
6,199.00
3,200.00
3,85.00
1,63.00
2,125.00
6,265.00
2,250.00
5,150.00
1,43.00
2,99.00
4,149.00
2,89.00
7,190.00
4,240.00
2,75.00
6,415.00
2,120.00
4,70.00
1,95.00
4,281.00
3,225.00
6,375.00
4,150.00
1,43.00
4,200.00
6,110.00
2,120.00
2,185.00
2,55.00
8,210.00
4,120.00
2,150.00
2,85.00
2,120.00
2,81.00
3,211.00
6,188.00
4,179.00
4,135.00
3,135.00
4,350.00
4,80.00
2,90.00
7,250.00
2,89.00
4,140.00
1,99.00
3,50.00
1,125.00
2,49.00
6,695.00
5,250.00
1,57.00
2,49.00
2,115.00
2,135.00
2,125.00
2,125.00
5,179.00
6,1,450.00
1,30.00
6,195.00
3,540.00
7,1,599.00
1,60.00
1,250.00
4,250.00
3,170.00
2,109.00
2,200.00
2,225.00
6,209.00
10,700.00
4,129.00
2,99.00
2,200.00
6,169.00
2,375.00
3,400.00
4,131.00
2,500.00
2,109.00
2,99.00
9,599.00
2,200.00
1,95.00
2,250.00
2,250.00
2,200.00
4,129.00
3,250.00
4,250.00
4,600.00
2,315.00
2,250.00
1,200.00
2,290.00
4,129.00
2,175.00
10,700.00
4,201.00
4,129.00
3,180.00
3,160.00
6,400.00
1,250.00
4,449.00
1,122.00
4,209.00
2,140.00
2,210.00
2,295.00
2,160.00
2,215.00
2,144.00
4,500.00
2,129.00
2,60.00
1,225.00
4,650.00
4,1,000.00
2,165.00
2,229.00
3,250.00
2,220.00
4,300.00
2,175.00
2,92.00
2,169.00
4,285.00
2,129.00
2,95.00
3,375.00
8,600.00
2,155.00
2,527.00
2,350.00
3,400.00
4,129.00
4,250.00
2,350.00
2,100.00
1,60.00
5,5,000.00
2,140.00
4,113.00
6,950.00
7,516.00
8,395.00
1,300.00
4,323.00
7,995.00
2,213.00
2,149.00
2,142.00
2,225.00
6,1,200.00
4,265.00
4,400.00
2,125.00
5,800.00
4,280.00
6,325.00
2,200.00
5,750.00
2,90.00
2,129.00
4,600.00
4,395.00
3,1,000.00
1,100.00
2,195.00
2,306.00
3,145.00
6,360.00
5,155.00
1,56.00
2,110.00
2,73.00
2,100.00
4,220.00
2,90.00
2,125.00
5,250.00
2,200.00
4,290.00
4,400.00
5,445.00
4,550.00
6,420.00
4,250.00
3,1,000.00
2,198.00
2,199.00
2,175.00
7,525.00
2,175.00
2,300.00
2,109.00
3,800.00
2,150.00
1,68.00
2,188.00
1,108.00
2,149.00
4,425.00
2,175.00
4,129.00
2,250.00
2,80.00
3,1,300.00
3,650.00
2,239.00
2,129.00
2,72.00
5,1,000.00
2,189.00
4,400.00
5,490.00
4,140.00
2,900.00
1,101.00
2,85.00
1,89.00
1,150.00
3,225.00
5,462.00
2,191.00
2,350.00
6,291.00
3,395.00
2,165.00
10,500.00
1,55.00
2,115.00
2,200.00
2,99.00
2,150.00
2,100.00
2,215.00
2,400.00
2,267.00
4,189.00
8,800.00
2,500.00
2,180.00
3,150.00
2,109.00
5,200.00
2,185.00
2,400.00
1,63.00
2,500.00
4,299.00
2,100.00
1,200.00
4,300.00
5,400.00
3,250.00
3,195.00
4,201.00
6,498.00
2,115.00
6,857.00
3,358.00
2,90.00
6,250.00
2,79.00
2,145.00
2,115.00
2,230.00
4,1,500.00
6,235.00
4,699.00
1,63.00
2,129.00
3,350.00
2,225.00
1,400.00
2,150.00
4,200.00
10,975.00
2,140.00
4,240.00
8,999.00
1,135.00
1,129.00
7,3,350.00
2,165.00
2,165.00
2,195.00
2,149.00
5,800.00
8,190.00
4,395.00
2,80.00
2,200.00
2,225.00
2,150.00
4,395.00
3,210.00
1,140.00
2,121.00
2,129.00
2,120.00
4,700.00
2,135.00
10,1,200.00
4,455.00
4,180.00
4,129.00
3,210.00
2,100.00
3,200.00
2,210.00
4,243.00
1,145.00
5,200.00
2,245.00
2,225.00
2,500.00
3,85.00
2,109.00
1,89.00
1,129.00
1,80.00
5,84.00
6,189.00
4,129.00
6,199.00
2,89.00
2,8,000.00
2,120.00
3,29.00
2,99.00
2,69.00
4,150.00
4,29.00
4,140.00
3,34.00
5,188.00
1,70.00
12,499.00
4,220.00
2,79.00
2,80.00
2,70.00
4,99.00
9,800.00
8,379.00
4,139.00
2,85.00
1,65.00
2,83.00
4,189.00
6,280.00
1,100.00
2,89.00
1,99.00
4,125.00
2,95.00
2,80.00
1,89.00
6,184.00
6,320.00
4,200.00
2,84.00
2,120.00
5,189.00
6,283.00
6,154.00
2,104.00
3,150.00
4,29.00
10,399.00
5,179.00
3,100.00
4,160.00
4,325.00
2,65.00
8,450.00
2,69.00
4,110.00
4,29.00
1,29.00
3,118.00
2,150.00
2,89.00
2,179.00
5,142.00
2,55.00
2,70.00
2,150.00
9,400.00
2,65.00
9,120.00
2,98.00
2,117.00
1,45.00
2,59.00
4,109.00
2,110.00
3,98.00
2,65.00
6,325.00
6,139.00
2,59.00
4,99.00
2,125.00
2,69.00
4,120.00
8,2,000.00
2,125.00
3,115.00
2,120.00
2,79.00
6,175.00
4,315.00
2,195.00
3,125.00
4,100.00
1,40.00
4,120.00
2,95.00
2,89.00
8,595.00
4,290.00
2,132.00
4,159.00
2,125.00
10,495.00
3,135.00
2,175.00
6,650.00
2,99.00
1,70.00
1,120.00
1,66.00
1,95.00
3,225.00
4,350.00
4,225.00
2,110.00
8,325.00
2,275.00
4,89.00
5,500.00
2,70.00
5,2,000.00
2,140.00
3,140.00
6,480.00
5,300.00
2,119.00
4,500.00
4,300.00
2,249.00
2,133.00
3,175.00
1,79.00
2,300.00
6,209.00
2,250.00
2,120.00
6,500.00
3,160.00
2,280.00
2,133.00
2,549.00
3,140.00
2,125.00
5,250.00
2,250.00
6,2,500.00
3,250.00
2,97.00
6,550.00
2,150.00
4,295.00
2,150.00
6,395.00
6,500.00
3,89.00
10,2,200.00
6,550.00
2,160.00
3,200.00
4,277.00
6,500.00
6,575.00
2,211.00
4,260.00
2,210.00
6,394.00
5,675.00
2,125.00
4,175.00
4,200.00
2,125.00
2,190.00
4,150.00
2,145.00
4,175.00
4,250.00
4,895.00
4,225.00
2,135.00
6,190.00
2,400.00
6,200.00
4,250.00
4,190.00
1,65.00
5,2,000.00
2,195.00
8,327.00
2,175.00
4,500.00
4,350.00
5,400.00
2,148.00
1,80.00
5,389.00
8,375.00
2,155.00
5,210.00
4,10,000.00
4,235.00
3,120.00
6,700.00
4,325.00
2,85.00
2,175.00
4,370.00
8,450.00
4,148.00
2,90.00
5,195.00
2,199.00
3,210.00
5,225.00
3,140.00
2,118.00
6,429.00
4,300.00
4,375.00
3,260.00
6,459.00
1,130.00
4,210.00
2,111.00
2,200.00
3,125.00
8,780.00
2,150.00
2,190.00
2,219.00
2,159.00
2,79.00
4,280.00
5,500.00
2,99.00
6,110.00
6,400.00
2,95.00
2,125.00
3,200.00
2,80.00
1,120.00
8,500.00
6,1,500.00
3,80.00
2,95.00
2,146.00
2,130.00
2,75.00
6,295.00
2,146.00
5,250.00
1,89.00
6,229.00
3,199.00
2,68.00
7,375.00
3,165.00
2,73.00
4,350.00
4,65.00
1,150.00
2,124.00
2,110.00
2,200.00
2,97.00
4,255.00
2,125.00
2,129.00
5,195.00
2,205.00
6,250.00
3,140.00
1,400.00
2,107.00
1,60.00
2,169.00
2,165.00
9,1,000.00
5,300.00
2,125.00
2,120.00
2,130.00
1,265.00
1,75.00
3,250.00
2,250.00
4,220.00
5,319.00
2,150.00
3,210.00
2,88.00
2,129.00
2,185.00
3,264.00
3,179.00
1,170.00
4,125.00
4,375.00
7,425.00
6,600.00
2,199.00
3,155.00
2,180.00
4,235.00
4,370.00
2,93.00
2,759.00
4,179.00
5,249.00
3,170.00
2,200.00
2,200.00
3,179.00
2,40.00
2,104.00
2,200.00
2,90.00
2,900.00
8,375.00
2,88.00
1,89.00
2,185.00
2,200.00
4,199.00
3,140.00
2,115.00
2,88.00
4,195.00
8,600.00
2,140.00
3,148.00
2,500.00
2,500.00
4,180.00
4,855.00
2,128.00
2,154.00
2,75.00
2,200.00
2,200.00
4,230.00
2,165.00
2,170.00
2,75.00
1,100.00
6,200.00
2,105.00
2,250.00
7,1,500.00
3,699.00
2,110.00
2,175.00
1,300.00
10,895.00
6,625.00
2,219.00
10,700.00
2,120.00
2,119.00
3,500.00
2,75.00
2,77.00
2,150.00
2,138.00
2,100.00
8,1,040.00
2,119.00
7,3,500.00
2,100.00
4,115.00
2,169.00
1,125.00
2,80.00
2,129.00
4,325.00
2,157.00
10,7,000.00
6,490.00
2,129.00
3,850.00
6,300.00
2,150.00
2,109.00
2,109.00
2,80.00
6,600.00
4,181.00
4,200.00
4,159.00
4,169.00
12,345.00
2,60.00
4,170.00
2,75.00
4,185.00
1,10.00
2,115.00
2,95.00
1,99.00
6,289.00
2,59.00
8,1,200.00
1,100.00
2,115.00
2,174.00
5,235.00
2,128.00
1,100.00
2,329.00
2,65.00
8,400.00
3,125.00
6,400.00
8,260.00
2,135.00
4,160.00
6,190.00
3,69.00
1,125.00
8,499.00
2,77.00
1,65.00
8,600.00
4,169.00
4,300.00
1,75.00
8,700.00
8,699.00
1,77.00
2,135.00
2,55.00
5,450.00
2,178.00
2,140.00
2,220.00
2,100.00
2,130.00
1,55.00
3,90.00
4,250.00
5,800.00
6,400.00
2,120.00
7,225.00
2,123.00
5,300.00
5,1,000.00
2,67.00
4,195.00
2,195.00
4,59.00
2,180.00
12,249.00
10,197.00
1,148.00
4,239.00
1,80.00
4,200.00
4,305.00
4,1,000.00
5,199.00
8,300.00
2,140.00
3,250.00
2,190.00
10,725.00
1,90.00
4,400.00
2,129.00
2,120.00
1,51.00
5,360.00
6,425.00
2,135.00
6,650.00
5,685.00
1,39.00
3,125.00
4,150.00
2,89.00
7,450.00
6,300.00
3,115.00
2,200.00
5,275.00
4,100.00
5,249.00
3,150.00
6,800.00
2,77.00
2,70.00
4,165.00
3,200.00
2,135.00
6,350.00
2,285.00
5,125.00
4,295.00
6,200.00
2,125.00
1,59.00
5,375.00
2,150.00
4,250.00
4,180.00
3,100.00
4,140.00
2,200.00
3,143.00
6,250.00
3,150.00
8,320.00
6,575.00
5,189.00
2,119.00
2,99.00
2,80.00
7,650.00
1,70.00
4,325.00
2,150.00
5,500.00
2,225.00
2,200.00
2,125.00
2,85.00
1,75.00
4,139.00
2,85.00
3,135.00
1,65.00
4,110.00
2,164.00
4,295.00
2,150.00
5,250.00
3,115.00
3,70.00
1,150.00
2,70.00
4,300.00
5,450.00
2,100.00
2,150.00
8,499.00
2,125.00
4,110.00
1,98.00
2,79.00
5,265.00
1,69.00
10,950.00
1,70.00
6,275.00
2,164.00
1,79.00
2,58.00
4,800.00
6,350.00
3,120.00
2,105.00
3,130.00
4,199.00
5,250.00
5,900.00
4,85.00
4,355.00
1,52.00
1,52.00
2,350.00
1,60.00
4,180.00
4,150.00
6,1,076.00
2,110.00
4,165.00
2,125.00
2,208.00
8,700.00
4,220.00
2,89.00
6,150.00
8,1,000.00
4,400.00
1,56.00
2,77.00
4,95.00
2,185.00
2,220.00
3,119.00
6,225.00
6,230.00
1,75.00
3,575.00
2,110.00
4,229.00
2,230.00
3,135.00
7,500.00
3,140.00
4,129.00
5,300.00
1,62.00
1,52.00
9,375.00
6,700.00
4,130.00
2,90.00
6,349.00
4,350.00
2,150.00
6,800.00
8,600.00
5,300.00
4,209.00
3,71.00
5,225.00
2,75.00
2,60.00
2,157.00
6,489.00
4,150.00
5,110.00
2,175.00
2,200.00
4,200.00
2,120.00
1,80.00
2,95.00
2,200.00
4,299.00
2,130.00
2,120.00
8,300.00
2,115.00
8,285.00
4,350.00
8,450.00
4,140.00
6,155.00
2,155.00
2,175.00
2,85.00
6,370.00
5,300.00
2,85.00
6,195.00
4,107.00
2,98.00
2,1,850.00
4,183.00
6,395.00
2,160.00
7,295.00
7,244.00
1,200.00
6,225.00
4,155.00
2,105.00
6,520.00
2,80.00
8,225.00
2,245.00
4,350.00
2,145.00
2,99.00
10,200.00
6,320.00
2,150.00
6,129.00
4,90.00
1,177.00
4,139.00
2,80.00
8,475.00
3,125.00
1,55.00
5,150.00
2,120.00
4,120.00
6,315.00
2,138.00
6,175.00
2,129.00
2,120.00
2,80.00
6,195.00
3,130.00
3,70.00
6,175.00
2,62.00
2,92.00
1,150.00
7,250.00
6,229.00
5,190.00
4,975.00
2,139.00
2,120.00
1,60.00
4,200.00
2,105.00
2,150.00
2,79.00
2,125.00
1,60.00
1,178.00
4,140.00
2,110.00
4,100.00
4,150.00
2,100.00
2,88.00
2,100.00
6,390.00
3,120.00
2,100.00
2,150.00
2,40.00
3,92.00
1,65.00
16,4,000.00
4,160.00
6,195.00
1,150.00
2,150.00
3,47.00
3,250.00
6,350.00
2,140.00
1,85.00
4,170.00
5,250.00
8,299.00
2,150.00
4,350.00
3,195.00
3,79.00
2,59.00
6,195.00
4,100.00
2,149.00
2,99.00
2,109.00
2,115.00
7,199.00
5,179.00
4,275.00
2,80.00
5,200.00
3,98.00
2,185.00
6,233.00
2,95.00
10,800.00
2,79.00
4,150.00
4,150.00
2,101.00
3,109.00
8,359.00
4,120.00
2,100.00
4,174.00
2,99.00
2,100.00
12,308.00
8,375.00
2,200.00
6,300.00
2,164.00
8,375.00
1,70.00
2,65.00
3,125.00
3,120.00
5,165.00
2,159.00
6,145.00
8,900.00
4,205.00
4,159.00
2,60.00
10,1,100.00
4,145.00
6,200.00
4,154.00
4,120.00
2,99.00
6,125.00
4,200.00
4,99.00
2,90.00
1,70.00
2,1,060.00
5,139.00
10,700.00
2,65.00
2,135.00
4,275.00
6,306.00
2,125.00
2,83.00
8,175.00
6,200.00
2,89.00
2,69.00
3,125.00
4,700.00
4,150.00
6,371.00
2,300.00
1,65.00
2,100.00
2,119.00
2,101.00
8,182.00
4,165.00
2,109.00
4,190.00
6,150.00
1,90.00
2,85.00
4,136.00
2,153.00
2,229.00
4,300.00
6,650.00
1,180.00
2,280.00
7,199.00
4,380.00
2,155.00
2,185.00
3,350.00
2,500.00
3,198.00
4,700.00
2,200.00
2,165.00
5,750.00
3,195.00
2,185.00
1,150.00
4,437.00
2,200.00
8,1,300.00
2,165.00
4,109.00
4,1,000.00
2,140.00
1,170.00
2,260.00
6,1,400.00
1,230.00
1,130.00
7,545.00
6,699.00
2,300.00
1,62.00
5,500.00
4,495.00
1,350.00
2,156.00
3,275.00
5,192.00
1,99.00
2,200.00
2,200.00
2,185.00
12,405.00
2,230.00
6,600.00
7,1,850.00
2,350.00
1,150.00
1,220.00
8,588.00
4,750.00
2,300.00
4,1,000.00
4,400.00
3,99.00
7,549.00
9,500.00
6,193.00
2,150.00
4,212.00
4,150.00
3,360.00
2,145.00
4,139.00
1,80.00
2,150.00
4,135.00
6,1,500.00
2,275.00
4,150.00
4,650.00
2,110.00
6,350.00
2,99.00
1,99.00
4,500.00
4,700.00
4,450.00
4,220.00
2,400.00
2,285.00
2,200.00
5,320.00
1,150.00
2,250.00
1,104.00
6,275.00
1,100.00
1,120.00
2,170.00
2,196.00
4,250.00
4,200.00
2,45.00
2,200.00
2,195.00
1,122.00
5,195.00
2,190.00
2,92.00
8,4,000.00
2,125.00
5,250.00
1,195.00
2,115.00
2,105.00
2,148.00
6,895.00
4,161.00
2,80.00
4,575.00
6,575.00
3,195.00
10,425.00
2,120.00
1,9,809.00
2,115.00
2,115.00
2,74.00
4,85.00
2,74.00
2,50.00
2,109.00
5,350.00
4,100.00
2,240.00
2,175.00
1,38.00
3,155.00
1,72.00
1,200.00
2,150.00
1,988.00
2,0.00
1,100.00
2,180.00
2,150.00
2,153.00
2,100.00
2,127.00
1,98.00
1,200.00
4,300.00
2,99.00
3,600.00
2,220.00
2,175.00
3,400.00
2,120.00
1,130.00
2,150.00
2,99.00
4,300.00
2,85.00
2,95.00
2,200.00
2,150.00
2,160.00
2,450.00
2,60.00
12,900.00
2,85.00
2,74.00
2,120.00
4,800.00
2,140.00
2,99.00
4,325.00
4,595.00
1,155.00
2,75.00
2,125.00
2,99.00
3,300.00
2,110.00
1,175.00
4,265.00
2,72.00
4,295.00
6,399.00
2,145.00
8,425.00
6,399.00
2,67.00
1,110.00
2,255.00
4,300.00
2,85.00
2,99.00
2,200.00
6,688.00
1,194.00
2,163.00
4,388.00
3,295.00
2,179.00
2,99.00
2,130.00
6,459.00
3,280.00
2,150.00
4,358.00
3,80.00
2,175.00
2,140.00
1,37.00
2,180.00
2,150.00
5,230.00
2,120.00
1,70.00
2,150.00
2,100.00
2,170.00
2,180.00
2,90.00
2,80.00
3,175.00
2,91.00
1,200.00
2,80.00
2,87.00
4,440.00
6,250.00
2,190.00
2,99.00
2,159.00
8,315.00
1,68.00
4,170.00
2,140.00
2,65.00
4,150.00
4,159.00
2,185.00
5,333.00
2,120.00
3,269.00
1,100.00
2,193.00
4,133.00
2,150.00
2,85.00
1,110.00
4,250.00
2,78.00
3,120.00
2,200.00
5,450.00
1,100.00
1,155.00
2,150.00
1,450.00
8,450.00
2,200.00
2,89.00
2,89.00
4,260.00
2,89.00
2,90.00
2,90.00
2,109.00
6,550.00
1,40.00
3,120.00
2,400.00
3,170.00
3,200.00
2,150.00
2,150.00
6,289.00
1,1,000.00
8,425.00
4,230.00
3,215.00
2,100.00
2,150.00
4,320.00
4,250.00
2,85.00
1,175.00
2,255.00
5,1,300.00
2,60.00
2,128.00
2,2,149.00
4,450.00
2,74.00
2,85.00
2,185.00
3,130.00
7,299.00
1,45.00
3,160.00
2,120.00
2,159.00
3,119.00
8,499.00
2,140.00
3,325.00
2,195.00
2,85.00
4,250.00
2,275.00
2,199.00
2,170.00
5,300.00
2,95.00
3,200.00
4,600.00
6,1,500.00
5,339.00
1,105.00
2,300.00
2,220.00
4,200.00
2,88.00
1,45.00
2,160.00
2,125.00
6,500.00
1,169.00
1,40.00
1,100.00
4,189.00
2,195.00
4,175.00
3,475.00
1,100.00
3,324.00
2,189.00
2,115.00
2,155.00
1,50.00
6,700.00
4,220.00
4,199.00
2,225.00
7,529.00
4,189.00
7,984.00
2,88.00
1,220.00
2,225.00
6,250.00
1,100.00
2,695.00
3,125.00
4,325.00
2,50.00
2,130.00
1,85.00
2,150.00
4,300.00
5,1,299.00
2,200.00
2,100.00
2,795.00
1,10.00
5,225.00
1,115.00
2,120.00
2,95.00
2,169.00
8,400.00
1,45.00
3,200.00
2,89.00
2,140.00
2,120.00
3,130.00
4,201.00
8,399.00
6,500.00
1,195.00
2,100.00
2,199.00
6,375.00
2,85.00
2,170.00
4,60.00
6,800.00
5,220.00
2,150.00
2,200.00
2,120.00
15,975.00
8,220.00
4,600.00
2,150.00
1,69.00
6,500.00
2,195.00
1,120.00
3,199.00
3,150.00
2,150.00
1,200.00
2,199.00
4,245.00
3,389.00
2,750.00
2,350.00
1,250.00
5,210.00
3,200.00
4,350.00
2,100.00
3,160.00
2,75.00
2,129.00
2,120.00
2,152.00
4,299.00
1,100.00
2,215.00
2,135.00
1,235.00
1,65.00
4,200.00
4,80.00
4,250.00
2,149.00
1,100.00
6,169.00
6,600.00
16,700.00
2,150.00
2,90.00
1,89.00
3,65.00
4,311.00
2,75.00
1,50.00
1,60.00
2,150.00
2,95.00
6,399.00
3,200.00
4,375.00
6,299.00
1,100.00
2,200.00
2,180.00
4,250.00
2,249.00
2,75.00
3,289.00
2,150.00
1,59.00
2,120.00
2,982.00
1,90.00
2,1,000.00
1,65.00
4,165.00
2,129.00
4,450.00
2,250.00
1,65.00
4,250.00
3,244.00
2,239.00
4,150.00
2,80.00
1,175.00
4,315.00
1,9,996.00
2,125.00
4,350.00
2,100.00
2,90.00
2,66.00
1,55.00
2,300.00
2,175.00
3,150.00
3,225.00
4,34.00
1,65.00
2,125.00
2,115.00
2,300.00
2,250.00
2,119.00
4,100.00
2,85.00
2,149.00
2,125.00
2,50.00
2,95.00
2,225.00
4,175.00
1,79.00
2,55.00
1,91.00
2,200.00
2,52.00
1,160.00
2,160.00
4,175.00
1,70.00
2,100.00
2,89.00
1,64.00
2,140.00
2,195.00
1,200.00
2,250.00
4,116.00
2,200.00
4,245.00
2,300.00
6,379.00
2,190.00
2,109.00
1,95.00
2,260.00
3,65.00
2,109.00
1,199.00
6,399.00
3,150.00
4,328.00
1,325.00
2,110.00
2,300.00
4,250.00
2,135.00
2,100.00
2,159.00
2,400.00
3,115.00
2,115.00
3,190.00
3,180.00
2,169.00
1,230.00
2,200.00
2,300.00
4,178.00
2,130.00
3,340.00
2,85.00
2,200.00
2,237.00
2,180.00
2,220.00
2,95.00
4,350.00
4,369.00
4,298.00
5,350.00
2,250.00
1,699.00
3,600.00
4,350.00
1,282.00
2,225.00
1,200.00
2,105.00
2,350.00
2,500.00
1,75.00
2,207.00
1,999.00
2,90.00
3,99.00
4,104.00
2,94.00
3,249.00
6,180.00
6,130.00
2,50.00
1,225.00
6,390.00
4,900.00
2,10,000.00
4,650.00
3,244.00
2,350.00
6,500.00
2,750.00
2,179.00
3,229.00
2,315.00
2,249.00
2,199.00
2,150.00
6,270.00
2,985.00
1,225.00
7,299.00
2,200.00
2,295.00
4,165.00
2,550.00
1,119.00
6,1,250.00
2,252.00
2,200.00
3,295.00
1,200.00
1,225.00
6,299.00
2,350.00
4,133.00
4,149.00
2,250.00
2,119.00
5,179.00
2,85.00
5,199.00
2,2,000.00
7,345.00
5,459.00
4,195.00
2,80.00
3,450.00
7,319.00
1,75.00
2,135.00
2,155.00
4,299.00
1,81.00
2,130.00
3,200.00
3,10,000.00
3,289.00
2,90.00
2,97.00
1,140.00
3,200.00
2,250.00
1,95.00
2,135.00
1,60.00
5,499.00
2,60.00
16,2,000.00
2,215.00
3,265.00
1,90.00
4,365.00
1,59.00
2,150.00
3,128.00
2,150.00
2,150.00
3,185.00
4,300.00
6,515.00
2,165.00
2,125.00
2,100.00
2,140.00
6,400.00
2,189.00
1,190.00
2,125.00
2,150.00
2,199.00
1,109.00
4,215.00
4,2,500.00
2,499.00
4,195.00
2,99.00
1,125.00
2,1,500.00
2,170.00
1,67.00
3,169.00
4,134.00
2,950.00
1,64.00
6,150.00
1,588.00
2,200.00
2,300.00
4,1,200.00
1,114.00
2,41.00
1,10.00
1,34.00
3,399.00
2,285.00
2,147.00
2,90.00
7,299.00
2,150.00
7,325.00
5,275.00
2,114.00
2,495.00
10,395.00
6,300.00
4,185.00
5,250.00
8,375.00
6,200.00
2,107.00
3,135.00
5,700.00
5,200.00
7,270.00
7,450.00
2,92.00
5,175.00
4,350.00
3,99.00
2,124.00
6,250.00
2,109.00
2,150.00
2,145.00
7,800.00
6,170.00
2,99.00
2,120.00
3,139.00
4,200.00
2,50.00
1,45.00
2,93.00
4,700.00
2,150.00
1,1,150.00
6,180.00
2,85.00
2,95.00
1,65.00
2,125.00
1,78.00
3,129.00
4,139.00
1,50.00
2,149.00
4,145.00
2,60.00
1,60.00
6,299.00
4,140.00
4,166.00
2,100.00
3,119.00
1,75.00
2,120.00
2,130.00
7,325.00
2,115.00
2,120.00
7,279.00
2,60.00
6,299.00
2,129.00
5,140.00
2,54.00
2,100.00
2,60.00
6,800.00
2,90.00
4,145.00
2,95.00
3,79.00
1,70.00
3,225.00
4,249.00
1,1,350.00
4,175.00
2,95.00
2,120.00
4,191.00
2,75.00
4,1,000.00
2,130.00
6,700.00
2,75.00
1,65.00
2,480.00
4,128.00
8,395.00
4,200.00
2,75.00
5,175.00
3,275.00
1,55.00
4,250.00
4,298.00
2,95.00
3,99.00
2,185.00
4,1,350.00
4,425.00
2,195.00
4,38.00
2,150.00
4,38.00
2,69.00
2,180.00
1,525.00
2,85.00
2,300.00
3,150.00
4,38.00
4,38.00
2,800.00
2,83.00
4,229.00
4,38.00
4,159.00
2,69.00
4,246.00
2,650.00
2,195.00
2,135.00
4,38.00
2,133.00
2,89.00
2,255.00
4,243.00
4,250.00
4,170.00
2,171.00
2,400.00
4,175.00
4,350.00
4,300.00
6,1,450.00
2,350.00
2,300.00
4,250.00
1,95.00
4,235.00
4,385.00
1,73.00
2,110.00
4,425.00
1,50.00
2,95.00
2,95.00
4,38.00
4,199.00
2,95.00
4,250.00
3,300.00
1,200.00
5,465.00
3,399.00
4,38.00
2,149.00
2,189.00
4,38.00
2,95.00
4,195.00
2,300.00
2,84.00
4,200.00
2,175.00
4,140.00
2,215.00
4,38.00
1,300.00
2,65.00
3,99.00
3,183.00
4,550.00
2,106.00
4,350.00
4,38.00
6,250.00
4,500.00
1,148.00
3,195.00
2,83.00
1,140.00
4,225.00
4,38.00
7,999.00
6,550.00
1,9,999.00
2,150.00
3,300.00
4,200.00
2,150.00
2,319.00
8,1,500.00
1,149.00
2,120.00
6,600.00
2,85.00
2,85.00
6,1,400.00
2,120.00
2,120.00
1,99.00
1,70.00
2,95.00
3,110.00
2,95.00
4,10.00
2,200.00
6,400.00
2,120.00
2,62.00
2,84.00
2,70.00
2,69.00
2,106.00
2,145.00
2,130.00
2,110.00
3,185.00
2,125.00
2,120.00
2,225.00
4,145.00
2,70.00
2,500.00
1,39.00
2,70.00
4,200.00
4,395.00
2,95.00
1,66.00
1,70.00
2,70.00
2,100.00
2,70.00
4,149.00
2,100.00
2,100.00
2,59.00
2,100.00
2,88.00
2,150.00
2,100.00
2,59.00
2,120.00
2,100.00
2,150.00
2,720.00
2,120.00
2,150.00
2,98.00
2,100.00
1,65.00
2,100.00
2,55.00
2,55.00
3,145.00
2,166.00
2,100.00
3,150.00
3,198.00
2,100.00
2,70.00
2,100.00
2,135.00
2,120.00
3,145.00
2,59.00
1,140.00
2,110.00
2,119.00
2,75.00
3,150.00
2,120.00
2,207.00
2,88.00
4,130.00
2,120.00
4,249.00
6,350.00
2,300.00
2,75.00
2,125.00
2,120.00
3,225.00
2,100.00
4,145.00
2,108.00
2,150.00
8,999.00
2,100.00
2,156.00
2,150.00
2,150.00
2,55.00
3,250.00
2,160.00
2,100.00
2,120.00
2,70.00
2,100.00
1,65.00
1,65.00
2,100.00
3,268.00
2,100.00
2,59.00
2,100.00
2,100.00
2,90.00
2,100.00
2,55.00
2,120.00
6,750.00
2,250.00
2,250.00
2,105.00
2,115.00
6,195.00
2,130.00
2,100.00
5,270.00
4,150.00
4,150.00
1,90.00
3,119.00
4,200.00
7,480.00
2,135.00
1,150.00
2,160.00
2,195.00
5,279.00
2,150.00
1,79.00
4,150.00
2,149.00
10,525.00
4,198.00
2,150.00
6,290.00
2,115.00
4,200.00
4,180.00
2,124.00
1,65.00
3,175.00
1,88.00
6,250.00
6,225.00
2,238.00
2,100.00
2,130.00
2,118.00
2,180.00
2,85.00
3,150.00
5,550.00
5,275.00
1,135.00
1,75.00
8,650.00
2,250.00
6,199.00
2,565.00
2,99.00
4,299.00
7,550.00
2,125.00
4,300.00
6,850.00
3,250.00
3,170.00
4,225.00
1,95.00
2,215.00
2,225.00
2,89.00
2,160.00
2,109.00
2,95.00
4,195.00
2,89.00
2,99.00
2,145.00
1,120.00
1,125.00
2,250.00
4,495.00
3,109.00
6,165.00
4,405.00
4,240.00
2,169.00
4,150.00
2,73.00
3,325.00
5,250.00
2,170.00
2,156.00
4,300.00
2,89.00
2,65.00
2,99.00
3,348.00
2,80.00
2,199.00
3,169.00
2,135.00
4,210.00
4,300.00
2,175.00
6,300.00
2,150.00
5,300.00
4,329.00
6,600.00
6,350.00
3,115.00
3,200.00
4,329.00
6,300.00
3,195.00
6,350.00
6,295.00
2,225.00
2,175.00
5,145.00
1,100.00
4,425.00
2,100.00
2,250.00
3,204.00
4,500.00
4,249.00
5,300.00
4,320.00
1,95.00
2,180.00
2,170.00
4,350.00
1,150.00
2,179.00
4,199.00
2,450.00
2,475.00
3,220.00
2,155.00
6,550.00
4,500.00
2,103.00
2,210.00
2,150.00
1,110.00
4,250.00
2,400.00
2,78.00
2,180.00
4,250.00
2,165.00
2,90.00
2,180.00
5,229.00
2,85.00
2,129.00
2,135.00
4,500.00
4,500.00
8,500.00
4,425.00
2,160.00
8,499.00
4,299.00
2,125.00
3,700.00
3,275.00
5,379.00
4,600.00
3,195.00
6,600.00
2,195.00
2,150.00
1,79.00
2,125.00
2,169.00
4,200.00
5,279.00
1,120.00
8,950.00
4,118.00
2,99.00
5,350.00
3,195.00
3,189.00
2,75.00
2,79.00
2,205.00
2,295.00
2,125.00
8,575.00
2,345.00
3,159.00
4,400.00
2,110.00
5,195.00
4,195.00
4,130.00
4,225.00
2,125.00
2,93.00
2,99.00
4,425.00
3,450.00
2,450.00
1,100.00
6,449.00
3,115.00
4,300.00
2,120.00
4,172.00
2,189.00
2,200.00
2,189.00
2,198.00
2,125.00
2,135.00
6,600.00
6,469.00
4,215.00
8,750.00
2,350.00
4,150.00
6,400.00
4,215.00
2,140.00
2,95.00
4,125.00
2,89.00
2,250.00
9,333.00
6,399.00
2,155.00
2,130.00
4,250.00
5,270.00
2,148.00
2,150.00
1,95.00
16,1,000.00
6,425.00
4,200.00
2,90.00
6,395.00
3,300.00
2,100.00
6,525.00
4,135.00
1,160.00
14,700.00
2,194.00
4,200.00
2,95.00
3,150.00
4,220.00
2,200.00
1,200.00
5,175.00
2,225.00
2,179.00
2,110.00
2,350.00
7,250.00
2,200.00
2,125.00
2,207.00
4,1,000.00
2,160.00
2,200.00
6,192.00
2,180.00
3,152.00
2,150.00
5,230.00
2,115.00
4,325.00
1,69.00
4,275.00
2,80.00
10,525.00
3,76.00
5,500.00
2,120.00
3,900.00
3,200.00
4,149.00
2,85.00
2,250.00
2,165.00
4,395.00
8,375.00
2,105.00
8,349.00
3,250.00
2,149.00
2,289.00
5,700.00
4,297.00
5,171.00
3,190.00
2,125.00
2,98.00
1,105.00
6,425.00
4,400.00
2,100.00
6,800.00
2,110.00
2,195.00
2,79.00
5,250.00
7,700.00
4,250.00
7,299.00
4,275.00
2,100.00
2,200.00
4,349.00
1,135.00
4,300.00
2,190.00
5,175.00
2,180.00
2,225.00
6,399.00
2,165.00
4,350.00
2,125.00
6,299.00
2,175.00
8,199.00
4,250.00
1,125.00
10,2,000.00
6,300.00
2,119.00
10,700.00
2,115.00
2,99.00
5,380.00
10,1,200.00
2,128.00
6,350.00
2,89.00
2,229.00
2,200.00
2,150.00
4,365.00
4,349.00
4,350.00
2,135.00
2,85.00
3,105.00
2,119.00
2,150.00
2,125.00
6,176.00
5,314.00
1,140.00
8,500.00
6,235.00
1,78.00
2,125.00
2,135.00
2,95.00
3,125.00
1,75.00
2,121.00
4,149.00
2,115.00
4,275.00
4,800.00
4,225.00
6,250.00
4,333.00
4,350.00
1,125.00
2,115.00
4,200.00
4,149.00
2,175.00
2,150.00
2,139.00
2,80.00
4,115.00
1,100.00
4,200.00
4,225.00
4,149.00
4,320.00
2,90.00
3,140.00
2,74.00
2,85.00
2,150.00
2,129.00
1,150.00
5,275.00
1,40.00
2,115.00
6,450.00
4,250.00
2,160.00
3,148.00
6,385.00
1,56.00
2,85.00
2,72.00
2,140.00
2,275.00
2,100.00
2,95.00
3,90.00
8,595.00
2,217.00
3,375.00
6,475.00
6,299.00
3,349.00
3,135.00
1,100.00
3,199.00
2,200.00
1,400.00
3,150.00
1,75.00
8,624.00
6,550.00
3,279.00
4,177.00
5,500.00
4,179.00
4,175.00
4,169.00
4,169.00
4,269.00
4,180.00
2,201.00
2,137.00
4,169.00
4,179.00
2,199.00
4,175.00
4,179.00
4,202.00
4,179.00
2,219.00
2,209.00
2,219.00
2,249.00
2,156.00
6,299.00
2,89.00
2,125.00
2,65.00
2,76.00
2,112.00
2,110.00
4,125.00
3,599.00
2,90.00
2,110.00
2,110.00
2,130.00
2,75.00
2,90.00
2,110.00
2,111.00
2,149.00
2,110.00
2,110.00
4,700.00
2,125.00
4,550.00
2,75.00
2,110.00
2,110.00
2,75.00
2,70.00
2,110.00
2,193.00
2,70.00
2,79.00
4,145.00
2,110.00
2,75.00
2,110.00
2,70.00
2,70.00
2,99.00
2,110.00
2,110.00
2,110.00
2,75.00
2,75.00
2,75.00
2,119.00
1,79.00
2,395.00
2,110.00
2,110.00
2,110.00
2,125.00
2,110.00
1,89.00
2,75.00
2,89.00
2,89.00
2,59.00
2,75.00
2,110.00
2,89.00
2,110.00
2,110.00
2,89.00
2,279.00
2,279.00
4,219.00
2,70.00
2,75.00
4,380.00
2,89.00
2,59.00
2,78.00
2,89.00
2,125.00
1,65.00
2,110.00
2,78.00
2,70.00
2,65.00
2,75.00
2,110.00
2,70.00
2,100.00
2,89.00
4,379.00
2,70.00
2,65.00
2,70.00
6,299.00
4,235.00
1,65.00
2,150.00
2,70.00
2,110.00
2,70.00
2,100.00
2,110.00
2,90.00
2,210.00
2,110.00
2,75.00
2,70.00
2,65.00
2,75.00
3,225.00
2,75.00
2,119.00
2,75.00
2,70.00
4,89.00
2,110.00
2,110.00
2,70.00
2,59.00
2,99.00
2,109.00
4,129.00
4,147.00
4,92.00
2,59.00
2,175.00
2,109.00
4,250.00
2,109.00
2,109.00
2,100.00
4,139.00
2,60.00
2,50.00
2,100.00
2,70.00
4,100.00
2,145.00
2,399.00
2,80.00
2,75.00
4,100.00
1,35.00
1,40.00
1,40.00
3,150.00
2,500.00
3,120.00
6,250.00
6,235.00
2,250.00
6,227.00
2,118.00
8,174.00
8,250.00
2,150.00
2,69.00
2,79.00
4,110.00
4,125.00
2,100.00
2,165.00
2,115.00
5,345.00
2,69.00
2,75.00
6,383.00
4,199.00
3,108.00
2,93.00
2,500.00
1,80.00
2,185.00
2,189.00
4,239.00
2,100.00
6,140.00
4,600.00
2,109.00
4,145.00
7,255.00
2,350.00
2,245.00
2,195.00
4,115.00
2,160.00
3,240.00
4,120.00
6,650.00
4,179.00
3,200.00
2,110.00
2,99.00
2,115.00
6,350.00
2,125.00
2,107.00
5,300.00
4,225.00
1,90.00
2,300.00
4,259.00
3,125.00
2,150.00
10,700.00
16,8,500.00
1,130.00
2,110.00
3,99.00
1,130.00
2,185.00
8,500.00
2,183.00
2,170.00
6,180.00
4,350.00
6,500.00
8,425.00
4,1,000.00
6,249.00
2,160.00
4,200.00
1,25.00
8,950.00
2,265.00
16,3,050.00
7,350.00
6,450.00
2,190.00
1,80.00
2,185.00
2,133.00
2,190.00
2,89.00
2,115.00
2,179.00
2,150.00
6,225.00
4,295.00
2,400.00
2,249.00
4,300.00
5,400.00
2,108.00
1,71.00
3,185.00
2,130.00
2,175.00
3,160.00
4,269.00
2,134.00
5,225.00
6,135.00
6,250.00
1,100.00
2,165.00
1,110.00
2,95.00
2,120.00
4,400.00
1,95.00
2,350.00
2,125.00
4,129.00
3,89.00
5,235.00
4,145.00
4,120.00
4,175.00
1,70.00
3,145.00
2,83.00
2,100.00
7,348.00
1,95.00
8,850.00
2,170.00
2,78.00
4,165.00
9,2,250.00
2,150.00
1,220.00
16,999.00
2,150.00
5,220.00
10,499.00
2,229.00
2,250.00
8,750.00
4,150.00
3,90.00
2,299.00
1,59.00
1,65.00
4,175.00
2,200.00
2,115.00
2,140.00
2,100.00
2,109.00
4,1,000.00
5,300.00
2,110.00
7,395.00
2,500.00
1,98.00
2,140.00
4,197.00
2,170.00
2,79.00
2,175.00
2,110.00
2,229.00
2,155.00
4,175.00
3,88.00
1,200.00
4,160.00
5,220.00
2,185.00
2,150.00
5,600.00
2,79.00
2,150.00
6,900.00
2,102.00
4,250.00
1,200.00
2,120.00
2,99.00
4,300.00
2,150.00
2,92.00
2,150.00
2,230.00
3,150.00
2,99.00
16,2,250.00
2,103.00
2,225.00
3,300.00
2,169.00
2,105.00
2,120.00
2,150.00
2,110.00
2,99.00
2,115.00
1,103.00
8,225.00
2,180.00
2,75.00
6,800.00
4,80.00
2,325.00
1,95.00
4,250.00
10,450.00
2,180.00
2,150.00
3,99.00
2,135.00
2,80.00
1,70.00
4,325.00
4,195.00
2,80.00
2,75.00
2,190.00
2,98.00
2,294.00
4,150.00
4,210.00
2,270.00
2,199.00
3,85.00
3,160.00
3,250.00
4,250.00
2,225.00
2,295.00
1,150.00
2,190.00
4,170.00
6,245.00
4,400.00
2,100.00
3,155.00
4,155.00
2,125.00
4,135.00
3,350.00
6,199.00
2,325.00
6,359.00
2,190.00
5,395.00
4,750.00
3,120.00
4,135.00
2,140.00
16,1,999.00
5,240.00
2,105.00
2,150.00
4,180.00
3,175.00
2,175.00
2,130.00
3,225.00
2,179.00
2,99.00
4,265.00
7,325.00
2,150.00
1,95.00
2,133.00
4,280.00
8,300.00
3,106.00
1,94.00
4,239.00
3,250.00
6,198.00
3,150.00
2,105.00
2,160.00
2,149.00
5,400.00
6,230.00
2,149.00
2,95.00
2,165.00
14,69.00
2,105.00
2,179.00
4,800.00
10,1,850.00
4,88.00
4,250.00
2,250.00
4,175.00
3,100.00
2,150.00
2,99.00
3,200.00
4,650.00
4,170.00
6,1,100.00
2,148.00
6,400.00
2,215.00
6,299.00
2,129.00
4,395.00
2,199.00
2,95.00
2,99.00
3,199.00
2,260.00
2,88.00
6,300.00
2,185.00
2,450.00
1,125.00
2,85.00
2,120.00
3,180.00
2,110.00
2,150.00
2,125.00
1,50.00
2,150.00
1,389.00
7,279.00
2,250.00
2,100.00
2,196.00
1,90.00
3,250.00
4,175.00
1,150.00
2,150.00
9,1,200.00
2,154.00
2,99.00
6,389.00
10,999.00
2,120.00
2,275.00
16,5,500.00
1,999.00
3,109.00
2,157.00
1,80.00
2,101.00
2,165.00
2,215.00
2,150.00
6,250.00
2,250.00
2,116.00
1,400.00
2,432.00
4,215.00
6,600.00
6,1,395.00
10,775.00
6,285.00
4,290.00
6,650.00
2,125.00
2,195.00
6,350.00
2,175.00
1,78.00
4,157.00
10,500.00
2,120.00
2,115.00
2,95.00
4,349.00
3,225.00
4,250.00
2,175.00
2,100.00
2,180.00
4,250.00
2,199.00
4,260.00
2,80.00
5,145.00
2,135.00
3,85.00
1,350.00
1,65.00
6,159.00
4,225.00
4,199.00
1,155.00
1,64.00
2,195.00
4,155.00
1,69.00
1,103.00
6,600.00
2,125.00
1,80.00
1,124.00
1,100.00
4,150.00
4,140.00
4,200.00
2,129.00
2,295.00
2,140.00
2,240.00
16,2,500.00
2,93.00
2,119.00
2,95.00
2,325.00
5,400.00
5,213.00
2,380.00
3,230.00
4,200.00
10,1,450.00
4,230.00
5,159.00
5,400.00
4,110.00
3,109.00
2,229.00
4,235.00
2,130.00
2,150.00
4,175.00
2,200.00
6,399.00
1,95.00
1,70.00
2,70.00
1,150.00
6,650.00
4,245.00
6,399.00
2,90.00
2,150.00
4,298.00
4,128.00
2,80.00
2,195.00
2,156.00
5,200.00
4,190.00
2,50.00
1,80.00
2,200.00
2,150.00
2,135.00
2,110.00
4,245.00
4,400.00
4,389.00
1,250.00
1,130.00
2,200.00
6,450.00
2,185.00
6,500.00
2,105.00
2,150.00
1,60.00
6,850.00
2,200.00
4,215.00
2,300.00
4,169.00
2,140.00
2,140.00
2,150.00
2,250.00
2,120.00
2,300.00
14,69.00
1,125.00
4,215.00
2,460.00
2,128.00
3,180.00
2,285.00
2,75.00
14,69.00
4,150.00
2,140.00
4,190.00
14,99.00
2,86.00
2,300.00
2,140.00
4,190.00
5,179.00
4,300.00
1,75.00
2,137.00
1,55.00
1,55.00
6,346.00
2,49.00
2,65.00
7,185.00
2,50.00
2,50.00
2,50.00
2,40.00
1,62.00
2,50.00
6,250.00
3,50.00
2,125.00
2,125.00
1,55.00
4,175.00
2,100.00
4,250.00
5,250.00
5,200.00
5,250.00
4,250.00
5,250.00
4,250.00
2,210.00
4,250.00
5,250.00
2,80.00
2,139.00
2,149.00
1,50.00
2,65.00
2,65.00
6,160.00
3,75.00
2,250.00
2,320.00
2,93.00
2,109.00
2,95.00
2,80.00
2,999.00
1,88.00
2,138.00
4,149.00
2,108.00
2,150.00
3,74.00
2,62.00
4,149.00
2,50.00
5,299.00
4,1,200.00
4,450.00
4,399.00
2,130.00
2,115.00
3,193.00
2,70.00
2,79.00
2,85.00
2,79.00
2,76.00
2,65.00
6,595.00
2,88.00
2,68.00
1,50.00
4,350.00
1,49.00
1,29.00
2,79.00
1,65.00
6,300.00
4,129.00
4,595.00
3,149.00
2,173.00
2,105.00
2,70.00
1,34.00
2,75.00
4,279.00
9,575.00
2,120.00
2,250.00
4,150.00
9,500.00
5,280.00
2,95.00
2,95.00
3,133.00
2,120.00
5,300.00
2,103.00
2,70.00
16,297.00
2,97.00
2,260.00
1,85.00
2,129.00
2,155.00
4,450.00
6,375.00
4,220.00
1,70.00
2,176.00
2,85.00
1,105.00
2,67.00
2,82.00
3,65.00
2,67.00
4,109.00
2,199.00
5,149.00
2,90.00
2,105.00
4,350.00
1,91.00
4,320.00
4,500.00
2,120.00
4,129.00
6,157.00
2,100.00
6,870.00
4,190.00
2,59.00
2,125.00
2,125.00
2,75.00
1,70.00
2,75.00
2,125.00
16,889.00
4,185.00
2,68.00
2,69.00
1,99.00
2,100.00
2,129.00
2,250.00
4,250.00
2,66.00
2,200.00
1,98.00
3,300.00
2,85.00
2,85.00
2,85.00
1,122.00
2,40.00
2,200.00
2,40.00
2,85.00
2,185.00
4,190.00
2,99.00
2,59.00
2,70.00
1,100.00
4,99.00
2,200.00
2,190.00
2,145.00
2,95.00
2,90.00
2,99.00
1,40.00
1,40.00
6,299.00
1,75.00
6,224.00
2,98.00
2,200.00
3,139.00
2,140.00
6,275.00
9,1,500.00
3,80.00
2,165.00
4,150.00
4,189.00
2,130.00
6,325.00
2,134.00
2,159.00
3,190.00
2,232.00
2,100.00
2,80.00
2,85.00
2,150.00
2,139.00
2,95.00
4,215.00
4,200.00
6,325.00
5,320.00
2,135.00
2,199.00
2,55.00
2,115.00
1,45.00
2,155.00
2,115.00
4,199.00
2,100.00
2,115.00
2,170.00
3,190.00
6,210.00
8,499.00
2,69.00
2,462.00
2,140.00
1,209.00
2,110.00
3,95.00
1,129.00
4,199.00
4,204.00
2,180.00
1,53.00
3,135.00
2,133.00
5,180.00
4,200.00
2,65.00
2,109.00
2,145.00
2,97.00
2,36.00
2,98.00
2,495.00
6,229.00
3,130.00
4,224.00
6,177.00
2,125.00
6,250.00
1,59.00
2,130.00
2,68.00
6,450.00
2,48.00
2,116.00
8,300.00
4,150.00
5,155.00
1,72.00
6,380.00
2,70.00
5,225.00
6,450.00
3,120.00
4,160.00
4,198.00
4,139.00
2,38.00
3,110.00
6,600.00
2,200.00
4,300.00
4,350.00
2,350.00
3,200.00
2,120.00
2,100.00
2,250.00
4,400.00
2,160.00
2,90.00
4,1,000.00
2,125.00
2,125.00
2,300.00
2,279.00
2,109.00
2,200.00
4,220.00
2,195.00
2,350.00
2,150.00
4,350.00
2,105.00
3,225.00
4,695.00
1,400.00
4,500.00
1,48.00
2,375.00
2,200.00
2,115.00
2,250.00
6,2,000.00
4,150.00
2,60.00
3,180.00
6,199.00
2,115.00
3,50.00
1,109.00
1,147.00
2,55.00
2,100.00
2,75.00
2,30.00
2,89.00
2,60.00
2,69.00
2,65.00
2,99.00
4,275.00
4,400.00
6,495.00
4,499.00
5,190.00
2,90.00
3,195.00
4,289.00
5,150.00
4,200.00
2,111.00
2,215.00
4,300.00
4,285.00
4,325.00
2,180.00
4,365.00
2,95.00
5,700.00
1,10,000.00
4,375.00
1,80.00
3,178.00
1,69.00
6,175.00
2,90.00
4,250.00
2,65.00
7,350.00
5,325.00
3,160.00
2,128.00
2,101.00
4,175.00
3,205.00
2,500.00
2,9,999.00
3,650.00
2,118.00
4,140.00
2,80.00
2,150.00
2,150.00
3,1,450.00
4,10,000.00
4,200.00
2,150.00
2,200.00
4,250.00
2,149.00
2,80.00
2,59.00
2,245.00
4,275.00
2,95.00
1,100.00
2,145.00
4,288.00
4,260.00
5,275.00
2,295.00
2,60.00
2,199.00
1,180.00
2,80.00
4,350.00
2,60.00
2,90.00
4,350.00
1,250.00
2,120.00
4,85.00
4,340.00
1,300.00
4,166.00
4,300.00
5,249.00
3,148.00
6,322.00
1,60.00
2,135.00
2,210.00
2,100.00
8,1,200.00
2,80.00
4,200.00
2,250.00
2,75.00
2,140.00
3,139.00
2,140.00
2,250.00
6,525.00
3,119.00
2,150.00
2,274.00
4,139.00
2,130.00
2,85.00
8,570.00
4,450.00
4,150.00
6,500.00
4,140.00
2,290.00
4,295.00
2,170.00
6,300.00
9,396.00
2,99.00
4,200.00
2,89.00
2,250.00
2,71.00
2,125.00
2,210.00
4,199.00
2,160.00
11,850.00
2,72.00
2,103.00
6,1,000.00
6,275.00
2,99.00
9,700.00
2,94.00
2,150.00
5,350.00
2,200.00
2,90.00
2,175.00
2,150.00
2,220.00
2,215.00
2,90.00
2,250.00
2,143.00
6,450.00
2,115.00
2,85.00
2,220.00
2,115.00
1,156.00
2,60.00
2,119.00
2,145.00
1,86.00
2,120.00
2,99.00
2,90.00
4,175.00
5,350.00
4,180.00
6,82.00
1,128.00
1,70.00
2,90.00
5,250.00
2,109.00
3,150.00
2,110.00
2,95.00
2,140.00
2,60.00
5,190.00
2,125.00
2,120.00
2,195.00
3,150.00
2,100.00
4,320.00
2,206.00
1,289.00
1,88.00
4,220.00
2,120.00
3,295.00
4,390.00
5,350.00
4,625.00
6,310.00
5,250.00
3,200.00
4,268.00
4,114.00
4,184.00
4,208.00
5,215.00
8,450.00
4,900.00
2,75.00
5,350.00
6,800.00
2,70.00
4,400.00
4,145.00
2,129.00
1,85.00
4,175.00
2,100.00
1,250.00
6,425.00
2,95.00
4,167.00
2,225.00
4,235.00
2,145.00
2,400.00
1,87.00
1,79.00
2,180.00
3,160.00
2,205.00
2,75.00
2,197.00
2,219.00
6,369.00
2,110.00
2,185.00
2,100.00
2,75.00
3,175.00
4,500.00
2,140.00
2,105.00
2,120.00
2,85.00
1,125.00
1,300.00
2,99.00
4,100.00
2,190.00
4,160.00
7,350.00
4,150.00
4,120.00
2,109.00
6,300.00
2,425.00
4,161.00
2,65.00
2,69.00
2,70.00
2,99.00
2,100.00
1,88.00
4,600.00
2,125.00
2,200.00
2,85.00
2,89.00
2,95.00
2,79.00
3,175.00
1,79.00
5,950.00
6,350.00
2,90.00
2,99.00
2,155.00
1,100.00
6,199.00
2,175.00
2,130.00
2,150.00
1,115.00
2,98.00
2,140.00
2,86.00
2,70.00
1,145.00
3,200.00
1,500.00
3,129.00
2,125.00
4,250.00
2,150.00
1,60.00
8,800.00
2,900.00
5,165.00
1,65.00
4,700.00
2,130.00
6,1,230.00
2,115.00
8,1,000.00
3,120.00
2,63.00
1,85.00
4,200.00
3,200.00
1,49.00
2,500.00
2,120.00
2,130.00
4,300.00
3,184.00
2,72.00
10,756.00
2,75.00
1,120.00
2,110.00
2,100.00
2,180.00
6,400.00
4,200.00
6,295.00
4,119.00
4,250.00
4,280.00
2,98.00
2,130.00
6,490.00
4,800.00
2,155.00
2,150.00
2,82.00
1,62.00
2,140.00
5,153.00
2,140.00
2,170.00
2,300.00
2,135.00
2,225.00
1,66.00
8,590.00
2,150.00
2,169.00
1,90.00
2,60.00
4,206.00
3,200.00
3,155.00
1,125.00
4,250.00
2,160.00
4,250.00
2,100.00
1,90.00
1,75.00
1,80.00
4,350.00
2,95.00
3,250.00
4,389.00
2,100.00
2,99.00
1,250.00
2,85.00
6,465.00
2,80.00
4,298.00
2,175.00
1,85.00
1,85.00
5,200.00
2,105.00
2,175.00
2,115.00
2,100.00
2,72.00
4,175.00
2,85.00
3,120.00
2,150.00
2,275.00
3,155.00
4,534.00
3,105.00
2,160.00
2,115.00
4,373.00
3,110.00
2,175.00
2,150.00
1,45.00
2,199.00
2,95.00
1,100.00
2,90.00
4,125.00
2,118.00
2,125.00
3,129.00
3,140.00
2,9,999.00
2,300.00
2,175.00
3,365.00
2,165.00
3,500.00
2,97.00
2,139.00
1,125.00
2,90.00
4,250.00
2,96.00
3,200.00
2,100.00
4,149.00
4,159.00
2,90.00
2,70.00
1,26.00
5,200.00
1,70.00
3,80.00
6,129.00
2,700.00
2,88.00
2,120.00
2,283.00
12,295.00
2,60.00
6,60.00
3,995.00
6,399.00
2,210.00
1,40.00
3,155.00
3,110.00
4,180.00
6,210.00
4,275.00
1,60.00
1,122.00
2,135.00
2,500.00
2,74.00
2,220.00
2,175.00
2,80.00
8,775.00
2,130.00
4,250.00
2,250.00
4,192.00
6,92.00
4,260.00
2,120.00
3,200.00
4,275.00
2,200.00
3,400.00
2,100.00
6,375.00
2,120.00
2,119.00
1,90.00
3,199.00
2,150.00
2,175.00
2,175.00
4,230.00
2,140.00
4,185.00
4,425.00
2,119.00
1,250.00
4,220.00
2,125.00
1,79.00
2,299.00
4,150.00
4,155.00
2,160.00
2,90.00
1,100.00
2,119.00
4,275.00
2,110.00
2,130.00
6,150.00
2,165.00
2,75.00
4,200.00
5,211.00
4,171.00
2,85.00
2,105.00
2,400.00
4,275.00
3,165.00
4,250.00
4,230.00
2,96.00
2,115.00
5,169.00
2,58.00
2,67.00
2,200.00
2,70.00
2,69.00
4,260.00
2,50.00
2,201.00
1,85.00
2,50.00
1,49.00
2,70.00
1,55.00
2,55.00
1,55.00
1,100.00
2,58.00
2,58.00
2,60.00
2,85.00
4,110.00
1,85.00
2,78.00
3,230.00
4,105.00
2,100.00
2,75.00
4,175.00
6,169.00
8,198.00
1,67.00
2,150.00
2,399.00
6,229.00
4,120.00
2,98.00
2,150.00
1,48.00
12,390.00
6,250.00
2,90.00
1,46.00
4,185.00
4,125.00
2,75.00
2,76.00
1,50.00
1,75.00
2,139.00
2,79.00
2,46.00
2,100.00
5,249.00
2,58.00
2,180.00
1,85.00
2,43.00
2,99.00
1,70.00
2,175.00
1,95.00
2,89.00
7,430.00
4,160.00
2,100.00
4,155.00
2,89.00
2,99.00
2,175.00
6,230.00
2,150.00
8,225.00
6,135.00
9,399.00
6,250.00
2,75.00
4,550.00
2,250.00
1,299.00
2,180.00
1,60.00
2,115.00
2,130.00
4,1,250.00
4,399.00
2,190.00
4,600.00
2,419.00
12,299.00
2,149.00
2,200.00
2,98.00
4,200.00
9,240.00
4,120.00
6,139.00
2,200.00
2,75.00
4,400.00
2,800.00
4,425.00
5,309.00
2,65.00
3,210.00
2,160.00
2,295.00
5,250.00
4,150.00
4,175.00
3,113.00
1,89.00
2,60.00
2,160.00
2,103.00
2,87.00
2,100.00
